tests/ai/test_ai_prompt_runtime.py::test_rollout_bucket_and_prompt_checksum_are_stable
tests/ai/test_ai_prompt_runtime.py::test_runtime_resolves_prompt_through_existing_registry
tests/ai/test_ai_provider_contracts.py::test_factory_uses_the_shared_provider_capability_contract
tests/ai/test_ai_provider_contracts.py::test_tenant_selection_is_not_a_credential
tests/ai/test_ai_provider_contracts.py::test_missing_selected_provider_key_fails_without_fallback
tests/ai/test_ai_provider_contracts.py::test_unknown_provider_is_not_silently_rerouted
tests/ai/test_ai_request_contract.py::test_runtime_context_is_immutable_and_rejects_foreign_tenant
tests/ai/test_ai_request_contract.py::test_sessionless_text_entry_fails_before_provider_loop
tests/ai/test_ai_runtime_enforcement.py::test_invoke_calls_govern_and_drops_secrets
tests/ai/test_ai_runtime_enforcement.py::test_budget_denial_does_not_call_the_executor
tests/ai/test_ai_runtime_enforcement.py::test_client_tenant_cannot_switch_and_does_not_call_the_executor
tests/ai/test_ai_runtime_enforcement.py::test_client_model_override_is_denied
tests/ai/test_ai_runtime_enforcement.py::test_unpublished_prompt_does_not_call_the_executor
tests/ai/test_ai_runtime_enforcement.py::test_model_principal_and_unlisted_tool_cannot_authorize
tests/ai/test_ai_runtime_enforcement.py::test_tool_denial_does_not_call_the_executor
tests/ai/test_ai_runtime_enforcement.py::test_blocked_output_is_replaced_and_not_logged
tests/ai/test_ai_runtime_enforcement.py::test_open_circuit_does_not_call_the_executor
tests/ai/test_ai_runtime_enforcement.py::test_injection_signal_does_not_block_or_grant_a_tool
tests/ai/test_ai_runtime_enforcement.py::test_text_reply_refuses_a_disabled_policy_before_the_sdk
tests/ai/test_ai_runtime_enforcement.py::test_text_reply_blocks_a_tool_the_model_named
tests/ai/test_ai_runtime_enforcement.py::test_voice_uses_the_governed_choice_and_not_a_disabled_provider
tests/ai/test_ai_runtime_enforcement.py::test_governed_build_does_not_silently_switch_provider
tests/ai/test_ai_runtime_enforcement.py::test_live_sources_do_not_select_a_model_outside_the_runtime
tests/ai/test_ai_runtime_enforcement.py::test_context_is_immutable_and_rejects_a_foreign_claim
tests/ai/test_ai_runtime_enforcement.py::test_customer_reply_distinguishes_governance_from_outage
tests/ai/test_ai_runtime_enforcement.py::test_inbound_message_does_not_call_a_policy_denial_an_outage
tests/ai/test_ai_runtime_enforcement.py::test_turnaround_average_is_portable
tests/ai/test_ai_runtime_enforcement.py::test_existing_govern_still_falls_back_on_the_allowlist
tests/ai/test_ai_tool_contract.py::test_runtime_tool_policy_matches_the_only_dispatcher
tests/ai/test_ai_tool_contract.py::test_unknown_action_and_model_principal_fail_closed
tests/ai/test_ai_unknown_usage.py::test_missing_usage_is_none_and_keeps_conservative_reservation
tests/ai/test_gateway.py::test_existing_resolve_is_unchanged
tests/ai/test_gateway.py::test_allowlist_fallback_timeout_and_telemetry
tests/ai/test_gateway.py::test_permanent_failure_does_not_fallback
tests/ai/test_gateway.py::test_voice_deadline_does_not_grow_retries
tests/ai/test_gateway.py::test_unknown_cost_is_not_zero
tests/ai/test_gateway.py::test_budget_ceiling_and_unknown
tests/ai/test_gateway.py::test_circuit_opens_and_half_opens
tests/ai/test_gateway.py::test_compare_and_reserve_one_winner
tests/ai/test_gateway.py::test_telemetry_drops_secrets
tests/ai/test_gateway.py::test_policy_http_is_owner_only
tests/ai/test_governance.py::test_published_version_is_immutable_and_rollback_restores_it
tests/ai/test_governance.py::test_rollout_is_deterministic
tests/ai/test_governance.py::test_eval_does_not_invent_a_score_or_leak_another_tenant
tests/ai/test_governance.py::test_safety_and_pii_are_explicit
tests/ai/test_runtime_enforcement.py::test_failed_invocation_releases_the_reservation
tests/ai/test_runtime_enforcement.py::test_successful_invocation_reconciles_estimate_to_measured_tokens
tests/ai/test_runtime_enforcement.py::test_executor_not_attached_releases_the_reservation
tests/ai/test_runtime_enforcement.py::test_circuit_open_after_admission_releases_the_reservation
tests/ai/test_runtime_enforcement.py::test_ceiling_unknown_reserves_nothing_and_release_is_a_noop
tests/ai/test_runtime_enforcement.py::test_authorize_live_flags_whether_it_reserved
tests/ai/test_runtime_enforcement.py::test_voice_preparation_carries_the_reservation_flag
tests/ai/test_runtime_enforcement.py::test_govern_direct_path_releases_on_a_non_retryable_failure
tests/ai/test_runtime_enforcement.py::test_fallback_candidates_are_independently_policy_valid
tests/ai/test_runtime_enforcement.py::test_release_and_reconcile_never_go_negative
tests/ai/test_runtime_enforcement.py::test_text_reply_failure_releases_the_admitted_token
tests/ai/test_runtime_enforcement.py::test_text_reply_reconciles_and_records_measured_usage
tests/ai/test_runtime_enforcement.py::test_complete_turn_reports_none_when_the_provider_measures_nothing
tests/ai/test_runtime_enforcement.py::test_voice_media_chain_wires_the_guardrail_processors
tests/ai/test_runtime_enforcement.py::test_gateway_never_imports_the_runtime
tests/ai/test_runtime_enforcement.py::test_policy_denial_is_never_a_fallback_trigger
tests/ai/test_security.py::test_cross_tenant_prompt_policy_and_eval
tests/ai/test_security.py::test_model_cannot_self_authorize_and_disallowed_tool_is_rejected
tests/ai/test_security.py::test_viewer_cannot_publish_production_prompt
tests/ai/test_security.py::test_unapproved_model_and_fallback_cannot_bypass
tests/ai/test_security.py::test_injection_signal_does_not_grant_a_tool
tests/ai/test_security.py::test_development_model_cannot_serve_production
tests/auth/scim/test_filter.py::test_an_empty_filter_is_no_filter
tests/auth/scim/test_filter.py::test_every_comparison_operator_parses
tests/auth/scim/test_filter.py::test_attribute_names_are_matched_against_the_allow_list
tests/auth/scim/test_filter.py::test_logical_grouping_and_negation
tests/auth/scim/test_filter.py::test_a_malformed_filter_is_refused_with_a_message
tests/auth/scim/test_filter.py::test_string_values_are_unescaped_per_the_rfc
tests/auth/scim/test_filter.py::test_values_are_coerced_to_the_type_of_the_column
tests/auth/scim/test_filter.py::test_a_value_is_never_interpolated_into_the_statement
tests/auth/scim/test_filter.py::test_compiling_a_filter_for_a_column_that_was_not_offered_is_refused
tests/auth/scim/test_filter.py::test_equality_against_null_is_a_null_test
tests/auth/scim/test_filter.py::test_compiled_filters_actually_select
tests/auth/scim/test_schemas.py::test_a_user_resource_has_the_required_shape
tests/auth/scim/test_schemas.py::test_a_user_with_no_display_name_falls_back_to_the_login_address
tests/auth/scim/test_schemas.py::test_a_deactivated_user_is_reported_as_inactive
tests/auth/scim/test_schemas.py::test_groups_on_a_user_are_value_and_display_only
tests/auth/scim/test_schemas.py::test_a_group_resource_carries_members_and_the_mapped_role_honestly
tests/auth/scim/test_schemas.py::test_a_list_response_reports_paging
tests/auth/scim/test_schemas.py::test_an_error_document_states_the_status_as_a_string
tests/auth/scim/test_schemas.py::test_the_service_provider_config_promises_only_what_is_implemented
tests/auth/scim/test_schemas.py::test_resource_types_match_the_endpoints_that_exist
tests/auth/scim/test_schemas.py::test_the_declared_schemas_describe_attributes_that_are_actually_supported
tests/auth/scim/test_schemas.py::test_a_filter_id_that_is_not_a_uuid_is_an_invalid_value
tests/auth/scim/test_schemas.py::test_a_real_user_from_the_database_renders_without_internals
tests/auth/scim/test_scim_credentials.py::test_a_credential_is_issued_once_and_stored_hashed
tests/auth/scim/test_scim_credentials.py::test_listing_never_returns_the_token
tests/auth/scim/test_scim_credentials.py::test_rotation_replaces_the_token_and_kills_the_old_one
tests/auth/scim/test_scim_credentials.py::test_revocation_is_immediate
tests/auth/scim/test_scim_credentials.py::test_an_unknown_credential_id_is_a_404
tests/auth/scim/test_scim_credentials.py::test_a_foreign_credential_id_is_invisible
tests/auth/scim/test_scim_credentials.py::test_an_agent_cannot_manage_scim_credentials
tests/auth/scim/test_scim_credentials.py::test_a_scim_token_cannot_manage_scim_credentials
tests/auth/scim/test_scim_credentials.py::test_a_scim_token_cannot_call_the_product_api
tests/auth/scim/test_scim_credentials.py::test_a_credential_can_be_limited_to_the_tenant
tests/auth/scim/test_scim_credentials.py::test_scopes_are_recorded_and_narrowing_is_possible
tests/auth/scim/test_scim_credentials.py::test_an_expiry_is_honoured
tests/auth/scim/test_scim_groups.py::test_a_group_is_created_with_its_members
tests/auth/scim/test_scim_groups.py::test_a_group_with_a_duplicate_name_updates_the_existing_one
tests/auth/scim/test_scim_groups.py::test_a_group_without_a_display_name_is_refused
tests/auth/scim/test_scim_groups.py::test_a_group_member_that_is_not_a_user_id_is_refused
tests/auth/scim/test_scim_groups.py::test_put_replaces_membership
tests/auth/scim/test_scim_groups.py::test_patch_updates_membership
tests/auth/scim/test_scim_groups.py::test_delete_removes_the_group_and_leaves_members_alone
tests/auth/scim/test_scim_groups.py::test_a_known_group_grants_its_mapped_role
tests/auth/scim/test_scim_groups.py::test_an_unmapped_group_grants_nothing
tests/auth/scim/test_scim_groups.py::test_a_group_cannot_demote_a_member_below_another_groups_role
tests/auth/scim/test_scim_groups.py::test_a_group_sync_never_lowers_a_role_it_did_not_grant
tests/auth/scim/test_scim_groups.py::test_a_role_set_by_an_administrator_is_not_lowered_by_a_sync
tests/auth/scim/test_scim_groups.py::test_a_group_never_grants_ownership
tests/auth/scim/test_scim_groups.py::test_an_existing_owner_is_never_demoted_by_a_group
tests/auth/scim/test_scim_groups.py::test_groups_are_listed_with_paging
tests/auth/scim/test_scim_groups.py::test_an_unknown_group_id_is_a_404_and_a_foreign_one_is_invisible
tests/auth/scim/test_scim_groups.py::test_a_credential_without_the_groups_scope_cannot_manage_groups
tests/auth/scim/test_scim_protocol.py::test_service_provider_config_is_honest
tests/auth/scim/test_scim_protocol.py::test_resource_types_name_the_real_endpoints
tests/auth/scim/test_scim_protocol.py::test_schemas_describe_the_attributes_we_return
tests/auth/scim/test_scim_protocol.py::test_every_scim_route_requires_a_credential
tests/auth/scim/test_scim_protocol.py::test_a_wrong_or_malformed_token_is_refused
tests/auth/scim/test_scim_protocol.py::test_a_connection_scoped_credential_cannot_use_another_connections_url
tests/auth/scim/test_scim_protocol.py::test_a_connection_scoped_credential_cannot_use_the_default_path
tests/auth/scim/test_scim_protocol.py::test_an_unknown_connection_id_is_a_404
tests/auth/scim/test_scim_protocol.py::test_the_credential_is_scoped_to_its_tenant
tests/auth/scim/test_scim_protocol.py::test_two_credentials_in_two_workspaces_do_not_collide
tests/auth/scim/test_scim_protocol.py::test_concurrent_creates_of_the_same_user_produce_one_user
tests/auth/scim/test_scim_protocol.py::test_concurrent_deactivation_of_the_same_user_is_idempotent
tests/auth/scim/test_scim_protocol.py::test_concurrent_rotation_leaves_exactly_one_live_credential
tests/auth/scim/test_scim_protocol.py::test_concurrent_revocations_write_one_audit_entry
tests/auth/scim/test_scim_protocol.py::test_responses_never_leak_secrets
tests/auth/scim/test_scim_users.py::test_create_returns_201_with_a_location_and_the_resource
tests/auth/scim/test_scim_users.py::test_the_created_user_cannot_be_signed_into_without_a_password
tests/auth/scim/test_scim_users.py::test_a_duplicate_user_name_is_a_409_with_uniqueness
tests/auth/scim/test_scim_users.py::test_a_user_name_that_is_not_an_address_is_refused
tests/auth/scim/test_scim_users.py::test_external_id_round_trips
tests/auth/scim/test_scim_users.py::test_listing_reports_the_total_and_paginates
tests/auth/scim/test_scim_users.py::test_filtering_by_user_name
tests/auth/scim/test_scim_users.py::test_filtering_by_active
tests/auth/scim/test_scim_users.py::test_a_filter_naming_an_unfilterable_attribute_is_refused
tests/auth/scim/test_scim_users.py::test_a_sql_shaped_filter_is_data_not_syntax
tests/auth/scim/test_scim_users.py::test_put_replaces_the_resource
tests/auth/scim/test_scim_users.py::test_patch_deactivates_and_revokes_sessions
tests/auth/scim/test_scim_users.py::test_patch_without_a_path_uses_the_value_object
tests/auth/scim/test_scim_users.py::test_an_unsupported_patch_path_is_refused_not_ignored
tests/auth/scim/test_scim_users.py::test_a_patch_without_operations_is_refused
tests/auth/scim/test_scim_users.py::test_delete_deprovisions_and_removes_the_user
tests/auth/scim/test_scim_users.py::test_deleting_the_last_active_owner_is_refused
tests/auth/scim/test_scim_users.py::test_an_unknown_user_id_is_a_404_and_a_foreign_one_is_too
tests/auth/scim/test_scim_users.py::test_a_malformed_user_id_is_a_400_and_an_unknown_one_is_a_404
tests/auth/scim/test_scim_users.py::test_the_resource_reports_the_tenant_scoped_location
tests/auth/scim/test_scim_users.py::test_display_name_falls_back_to_the_local_part
tests/auth/scim/test_scim_users.py::test_an_address_from_another_workspace_cannot_be_provisioned
tests/auth/sso/test_account_unlink.py::test_a_jit_accounts_only_sign_in_method_cannot_be_removed
tests/auth/sso/test_account_unlink.py::test_a_password_account_can_be_unlinked_without_losing_the_account
tests/auth/sso/test_account_unlink.py::test_a_link_from_another_workspace_is_not_found
tests/auth/sso/test_account_unlink.py::test_a_viewer_and_a_machine_credential_cannot_unlink
tests/auth/sso/test_account_unlink.py::test_an_unknown_link_id_is_not_found
tests/auth/sso/test_oidc_claim_validation.py::test_a_correctly_signed_token_is_accepted
tests/auth/sso/test_oidc_claim_validation.py::test_a_token_from_another_issuer_is_refused
tests/auth/sso/test_oidc_claim_validation.py::test_a_token_for_another_client_is_refused
tests/auth/sso/test_oidc_claim_validation.py::test_a_multi_audience_token_needs_a_matching_authorized_party
tests/auth/sso/test_oidc_claim_validation.py::test_an_expired_token_is_refused
tests/auth/sso/test_oidc_claim_validation.py::test_a_token_inside_the_clock_skew_is_accepted_and_outside_it_is_not
tests/auth/sso/test_oidc_claim_validation.py::test_a_token_from_the_future_is_refused
tests/auth/sso/test_oidc_claim_validation.py::test_a_token_without_a_nonce_is_refused
tests/auth/sso/test_oidc_claim_validation.py::test_a_token_for_another_attempt_is_refused
tests/auth/sso/test_oidc_claim_validation.py::test_an_unsigned_token_is_refused
tests/auth/sso/test_oidc_claim_validation.py::test_a_token_signed_by_an_unknown_key_is_refused
tests/auth/sso/test_oidc_claim_validation.py::test_a_symmetric_token_is_refused
tests/auth/sso/test_oidc_claim_validation.py::test_a_token_missing_a_required_claim_is_refused
tests/auth/sso/test_oidc_claim_validation.py::test_a_missing_verified_email_claim_does_not_count_as_verified
tests/auth/sso/test_oidc_discovery.py::test_discovery_returns_the_published_endpoints
tests/auth/sso/test_oidc_discovery.py::test_discovery_refuses_a_document_naming_another_issuer
tests/auth/sso/test_oidc_discovery.py::test_discovery_refuses_a_document_without_a_key_set
tests/auth/sso/test_oidc_discovery.py::test_discovery_refuses_an_endpoint_that_is_not_https
tests/auth/sso/test_oidc_discovery.py::test_discovery_refuses_an_insecure_discovery_url
tests/auth/sso/test_oidc_discovery.py::test_discovery_is_cached_and_can_be_forced
tests/auth/sso/test_oidc_discovery.py::test_an_advertised_symmetric_algorithm_is_recorded_and_never_trusted
tests/auth/sso/test_oidc_discovery.py::test_a_document_that_is_not_json_is_refused
tests/auth/sso/test_oidc_discovery.py::test_the_https_posture_rule_is_the_same_one_everywhere
tests/auth/sso/test_oidc_jwks_rotation.py::test_a_token_signed_with_the_rotated_key_is_accepted
tests/auth/sso/test_oidc_jwks_rotation.py::test_a_token_signed_with_a_retired_key_is_refused
tests/auth/sso/test_oidc_jwks_rotation.py::test_one_unknown_key_id_triggers_exactly_one_forced_refresh
tests/auth/sso/test_oidc_jwks_rotation.py::test_key_sets_are_cached_between_logins
tests/auth/sso/test_oidc_jwks_rotation.py::test_a_key_set_that_cannot_be_fetched_refuses_the_login
tests/auth/sso/test_oidc_jwks_rotation.py::test_a_key_set_that_answers_an_error_status_refuses_the_login
tests/auth/sso/test_oidc_jwks_rotation.py::test_an_empty_key_set_refuses_the_token
tests/auth/sso/test_oidc_jwks_rotation.py::test_a_key_set_with_an_unusable_key_is_refused
tests/auth/sso/test_oidc_jwks_rotation.py::test_a_malformed_key_set_document_is_refused
tests/auth/sso/test_oidc_login.py::test_a_first_login_provisions_a_user_and_returns_a_session
tests/auth/sso/test_oidc_login.py::test_a_second_login_reuses_the_same_account
tests/auth/sso/test_oidc_login.py::test_an_unknown_state_is_refused_generically
tests/auth/sso/test_oidc_login.py::test_a_provider_error_is_answered_with_the_same_shape
tests/auth/sso/test_oidc_login.py::test_a_token_carrying_the_wrong_nonce_is_refused
tests/auth/sso/test_oidc_login.py::test_a_disabled_connection_refuses_the_login
tests/auth/sso/test_oidc_login.py::test_an_unverified_email_is_refused_when_the_connection_requires_verification
tests/auth/sso/test_oidc_redirect_validation.py::test_the_authorization_request_carries_the_connections_redirect_uri
tests/auth/sso/test_oidc_redirect_validation.py::test_the_token_exchange_uses_the_same_redirect_uri
tests/auth/sso/test_oidc_redirect_validation.py::test_a_caller_cannot_supply_its_own_redirect_uri
tests/auth/sso/test_oidc_redirect_validation.py::test_the_default_redirect_uri_is_derived_from_the_deployment
tests/auth/sso/test_oidc_redirect_validation.py::test_a_plaintext_redirect_uri_is_refused
tests/auth/sso/test_oidc_redirect_validation.py::test_a_plaintext_acs_url_is_refused_for_a_saml_connection
tests/auth/sso/test_oidc_redirect_validation.py::test_a_plaintext_idp_sign_on_url_is_refused
tests/auth/sso/test_oidc_redirect_validation.py::test_updating_a_connection_cannot_smuggle_in_a_plaintext_redirect
tests/auth/sso/test_oidc_redirect_validation.py::test_the_public_metadata_is_published_only_for_an_active_connection
tests/auth/sso/test_oidc_redirect_validation.py::test_the_default_acs_url_is_derived_per_connection
tests/auth/sso/test_oidc_redirect_validation.py::test_an_explicit_acs_url_is_used_exactly_as_given
tests/auth/sso/test_oidc_redirect_validation.py::test_the_service_helper_and_the_route_agree
tests/auth/sso/test_oidc_state_nonce.py::test_the_state_and_nonce_are_never_stored_in_the_clear
tests/auth/sso/test_oidc_state_nonce.py::test_a_state_cannot_be_spent_twice
tests/auth/sso/test_oidc_state_nonce.py::test_an_expired_state_is_refused
tests/auth/sso/test_oidc_state_nonce.py::test_a_state_from_another_connection_cannot_be_redeemed
tests/auth/sso/test_oidc_state_nonce.py::test_the_connection_binding_rule_itself
tests/auth/sso/test_oidc_state_nonce.py::test_a_state_from_another_protocol_is_refused
tests/auth/sso/test_oidc_state_nonce.py::test_a_missing_state_or_code_is_refused
tests/auth/sso/test_oidc_state_nonce.py::test_the_pkce_verifier_is_sealed_and_matches_the_challenge
tests/auth/sso/test_oidc_state_nonce.py::test_pkce_can_be_turned_off_without_losing_the_state_check
tests/auth/sso/test_saml_assertion.py::test_two_assertions_in_one_response_are_refused
tests/auth/sso/test_saml_assertion.py::test_an_unsigned_assertion_inside_a_signed_response_is_refused
tests/auth/sso/test_saml_assertion.py::test_a_response_level_signature_is_enough_when_the_connection_allows_it
tests/auth/sso/test_saml_assertion.py::test_a_signature_that_covers_the_response_is_still_refused_by_default
tests/auth/sso/test_saml_assertion.py::test_a_tampered_digest_is_refused
tests/auth/sso/test_saml_assertion.py::test_a_tampered_signature_value_is_refused
tests/auth/sso/test_saml_assertion.py::test_a_signature_with_two_references_is_refused
tests/auth/sso/test_saml_assertion.py::test_key_info_naming_an_untrusted_certificate_is_refused
tests/auth/sso/test_saml_assertion.py::test_an_assertion_without_an_id_is_refused
tests/auth/sso/test_saml_assertion.py::test_an_assertion_without_an_audience_is_refused
tests/auth/sso/test_saml_assertion.py::test_the_signature_must_be_over_the_assertion_that_carries_the_claims
tests/auth/sso/test_saml_assertion.py::test_an_assertion_that_has_been_re_signed_by_us_is_refused
tests/auth/sso/test_saml_assertion.py::test_the_digest_algorithm_allow_list_is_enforced
tests/auth/sso/test_saml_certificates.py::test_a_registered_certificate_is_enough_to_verify_a_real_assertion
tests/auth/sso/test_saml_certificates.py::test_the_certificate_is_stored_sealed_and_not_as_pem_text
tests/auth/sso/test_saml_certificates.py::test_a_certificate_cannot_be_moved_to_another_tenant
tests/auth/sso/test_saml_certificates.py::test_importing_the_same_certificate_twice_is_idempotent
tests/auth/sso/test_saml_certificates.py::test_a_pasted_base64_body_is_accepted_and_junk_is_refused
tests/auth/sso/test_saml_certificates.py::test_a_rotation_overlap_keeps_the_old_certificate_working
tests/auth/sso/test_saml_certificates.py::test_an_overlap_ends_and_the_retired_certificate_stops_working
tests/auth/sso/test_saml_certificates.py::test_the_last_certificate_of_an_active_connection_cannot_be_retired
tests/auth/sso/test_saml_certificates.py::test_an_expired_certificate_is_not_trusted
tests/auth/sso/test_saml_certificates.py::test_the_certificate_list_reports_status_and_fingerprint
tests/auth/sso/test_saml_certificates.py::test_certificate_administration_is_tenant_scoped
tests/auth/sso/test_saml_certificates.py::test_retiring_a_certificate_never_touches_another_connections_trust
tests/auth/sso/test_saml_certificates.py::test_an_unknown_certificate_id_is_a_404
tests/auth/sso/test_saml_certificates.py::test_the_trusted_set_is_recomputed_on_every_login
tests/auth/sso/test_saml_login.py::test_a_signed_assertion_creates_a_user_and_a_session
tests/auth/sso/test_saml_login.py::test_a_second_assertion_reuses_the_same_account
tests/auth/sso/test_saml_login.py::test_an_unsigned_assertion_is_refused
tests/auth/sso/test_saml_login.py::test_an_assertion_signed_by_an_untrusted_certificate_is_refused
tests/auth/sso/test_saml_login.py::test_an_assertion_for_another_request_is_refused
tests/auth/sso/test_saml_login.py::test_a_tampered_assertion_is_refused
tests/auth/sso/test_saml_login.py::test_an_assertion_cannot_be_used_twice
tests/auth/sso/test_saml_login.py::test_an_expired_assertion_is_refused
tests/auth/sso/test_saml_login.py::test_an_assertion_from_the_future_is_refused
tests/auth/sso/test_saml_login.py::test_an_assertion_whose_subject_confirmation_expired_is_refused
tests/auth/sso/test_saml_login.py::test_an_assertion_for_another_audience_is_refused
tests/auth/sso/test_saml_login.py::test_an_assertion_delivered_to_another_recipient_is_refused
tests/auth/sso/test_saml_login.py::test_an_assertion_addressed_to_another_destination_is_refused
tests/auth/sso/test_saml_login.py::test_an_assertion_from_another_issuer_is_refused
tests/auth/sso/test_saml_login.py::test_a_failed_status_is_refused
tests/auth/sso/test_saml_login.py::test_an_unknown_relay_state_is_refused
tests/auth/sso/test_saml_login.py::test_a_state_from_another_connection_is_refused
tests/auth/sso/test_saml_login.py::test_a_malformed_response_is_refused
tests/auth/sso/test_saml_login.py::test_a_doctype_declaration_is_refused
tests/auth/sso/test_saml_login.py::test_a_disabled_connection_refuses_the_start_and_the_acs
tests/auth/sso/test_saml_login.py::test_the_name_id_format_can_be_pinned
tests/auth/sso/test_saml_metadata.py::test_the_admin_metadata_is_a_well_formed_descriptor
tests/auth/sso/test_saml_metadata.py::test_the_metadata_advertises_no_signing_key
tests/auth/sso/test_saml_metadata.py::test_the_public_metadata_matches_the_admin_one
tests/auth/sso/test_saml_metadata.py::test_the_metadata_entity_id_is_the_one_the_assertion_is_checked_against
tests/auth/sso/test_saml_metadata.py::test_the_metadata_location_is_the_one_the_response_must_name
tests/auth/sso/test_saml_metadata.py::test_an_explicit_acs_url_is_what_is_advertised
tests/auth/sso/test_saml_metadata.py::test_the_authn_request_carries_the_advertised_acs
tests/auth/sso/test_saml_metadata.py::test_the_redirect_target_is_the_configured_sign_on_url
tests/auth/sso/test_saml_metadata.py::test_the_public_metadata_is_not_served_for_an_oidc_connection
tests/auth/sso/test_saml_metadata.py::test_the_admin_metadata_is_refused_for_an_oidc_connection
tests/auth/sso/test_saml_metadata.py::test_the_connection_test_endpoint_reports_what_is_missing
tests/auth/sso/test_saml_metadata.py::test_the_connection_test_reports_missing_saml_pieces
tests/auth/sso/test_sso_provisioning.py::test_jit_creates_a_user_with_the_configured_default_role
tests/auth/sso/test_sso_provisioning.py::test_a_connection_with_jit_off_creates_nobody
tests/auth/sso/test_sso_provisioning.py::test_a_second_login_reuses_the_provisioned_account
tests/auth/sso/test_sso_provisioning.py::test_linking_is_refused_unless_the_connection_allows_it
tests/auth/sso/test_sso_provisioning.py::test_linking_attaches_the_subject_to_the_existing_account
tests/auth/sso/test_sso_provisioning.py::test_linking_needs_a_verified_address_when_the_connection_says_so
tests/auth/sso/test_sso_provisioning.py::test_an_address_belonging_to_another_tenant_is_refused
tests/auth/sso/test_sso_provisioning.py::test_a_disabled_account_stays_disabled
tests/auth/sso/test_sso_provisioning.py::test_an_inactive_tenant_refuses_the_login
tests/auth/sso/test_sso_provisioning.py::test_a_group_mapping_assigns_the_configured_role
tests/auth/sso/test_sso_provisioning.py::test_an_unmapped_group_is_refused_for_a_new_user
tests/auth/sso/test_sso_provisioning.py::test_an_unmapped_group_keeps_an_existing_users_role
tests/auth/sso/test_sso_provisioning.py::test_a_role_change_is_applied_and_reported
tests/auth/sso/test_sso_provisioning.py::test_a_self_chosen_role_claim_is_ignored_when_no_role_claim_is_configured
tests/auth/sso/test_sso_provisioning.py::test_a_configured_role_claim_can_only_reach_the_mapped_role
tests/auth/sso/test_sso_provisioning.py::test_a_mapping_that_names_owner_is_refused_when_it_is_saved
tests/auth/sso/test_sso_provisioning.py::test_mapping_administration_is_tenant_scoped
tests/auth/sso/test_sso_provisioning.py::test_the_same_person_via_two_connections_maps_to_one_account
tests/auth/sso/test_sso_provisioning.py::test_an_email_registry_entry_is_recorded_for_a_provisioned_user
tests/auth/sso/test_sso_provisioning.py::test_oidc_jit_and_linking_follow_the_same_rules
tests/auth/test_api_keys.py::test_the_secret_is_returned_once_and_stored_only_as_a_digest
tests/auth/test_api_keys.py::test_the_key_authenticates_and_records_its_last_use
tests/auth/test_api_keys.py::test_a_key_without_the_scope_is_refused_where_it_would_need_it
tests/auth/test_api_keys.py::test_a_key_cannot_carry_a_scope_its_maker_does_not_hold
tests/auth/test_api_keys.py::test_the_scope_catalogue_is_available_to_a_key_manager
tests/auth/test_api_keys.py::test_rotation_replaces_the_key_without_an_overlap
tests/auth/test_api_keys.py::test_revocation_is_immediate_and_idempotent
tests/auth/test_api_keys.py::test_an_expired_key_is_refused
tests/auth/test_api_keys.py::test_a_machine_credential_cannot_mint_api_keys
tests/auth/test_api_keys.py::test_a_key_is_confined_to_the_workspace_that_issued_it
tests/auth/test_api_keys.py::test_an_unknown_key_and_a_garbage_key_look_the_same
tests/auth/test_api_keys.py::test_using_a_dead_key_is_recorded_for_the_operator
tests/auth/test_api_keys.py::test_an_unknown_key_is_refused_without_flooding_the_trail
tests/auth/test_domains.py::test_adding_a_domain_opens_a_challenge_and_normalizes_the_name
tests/auth/test_domains.py::test_a_name_that_cannot_be_a_domain_is_refused
tests/auth/test_domains.py::test_a_claimed_domain_is_globally_unique_and_the_conflict_says_nothing
tests/auth/test_domains.py::test_verification_succeeds_only_for_the_published_value
tests/auth/test_domains.py::test_an_unreachable_resolver_is_not_reported_as_a_wrong_record
tests/auth/test_domains.py::test_re_issuing_a_challenge_invalidates_the_previous_value
tests/auth/test_domains.py::test_enforcement_needs_a_verified_domain_and_is_audited
tests/auth/test_domains.py::test_a_connection_can_be_attached_only_if_it_is_ours
tests/auth/test_domains.py::test_removing_a_domain_takes_its_challenge_with_it
tests/auth/test_domains.py::test_another_workspace_cannot_touch_the_domain
tests/auth/test_domains.py::test_a_domain_claim_needs_an_identity_writer
tests/auth/test_domains.py::test_an_unverified_domain_is_inert_in_the_evaluation
tests/auth/test_email_verification.py::test_verifying_marks_the_account_and_the_address
tests/auth/test_email_verification.py::test_a_second_request_for_a_verified_address_says_so
tests/auth/test_email_verification.py::test_an_expired_link_is_refused
tests/auth/test_email_verification.py::test_requesting_a_verification_needs_a_session
tests/auth/test_email_verification.py::test_the_request_is_rate_limited
tests/auth/test_email_verification.py::test_an_unknown_token_and_a_malformed_one_are_the_same_refusal
tests/auth/test_email_verification.py::test_a_verification_token_is_bound_to_one_address_and_one_user
tests/auth/test_email_verification.py::test_the_flow_is_audited
tests/auth/test_email_verification.py::test_a_verification_link_is_not_a_password_reset
tests/auth/test_identity_credentials.py::test_a_session_is_listed_with_its_device_and_dies_on_revocation
tests/auth/test_identity_credentials.py::test_revoking_other_sessions_leaves_the_current_one_alone
tests/auth/test_identity_credentials.py::test_revoking_all_for_a_user_covers_every_session
tests/auth/test_identity_credentials.py::test_an_idle_session_stops_being_live_without_a_sweeper
tests/auth/test_identity_credentials.py::test_touching_a_dead_session_reports_it_as_unusable
tests/auth/test_identity_credentials.py::test_the_session_ceiling_evicts_the_oldest_rather_than_refusing
tests/auth/test_identity_credentials.py::test_a_second_session_from_an_unseen_address_is_flagged
tests/auth/test_identity_credentials.py::test_an_api_key_secret_is_returned_once_and_stored_as_a_digest
tests/auth/test_identity_credentials.py::test_an_api_key_authenticates_until_it_is_revoked
tests/auth/test_identity_credentials.py::test_an_expired_api_key_is_refused
tests/auth/test_identity_credentials.py::test_a_rotated_key_replaces_the_old_secret_atomically
tests/auth/test_identity_credentials.py::test_a_malformed_or_unknown_token_is_refused
tests/auth/test_identity_credentials.py::test_scope_matching_is_exact_and_not_prefix_based
tests/auth/test_identity_credentials.py::test_an_api_key_is_scoped_to_its_own_tenant
tests/auth/test_identity_credentials.py::test_a_service_account_authenticates_but_only_with_its_scopes
tests/auth/test_identity_credentials.py::test_a_disabled_service_account_cannot_authenticate
tests/auth/test_identity_credentials.py::test_emergency_disable_cannot_be_undone_by_a_normal_enable
tests/auth/test_identity_credentials.py::test_rotating_a_credential_revokes_the_previous_secret
tests/auth/test_identity_credentials.py::test_an_expired_account_and_an_expired_credential_are_both_refused
tests/auth/test_identity_credentials.py::test_scopes_beyond_the_creator_are_refused
tests/auth/test_identity_credentials.py::test_deleting_an_account_revokes_its_credentials
tests/auth/test_identity_credentials.py::test_credentials_are_never_returned_by_listing
tests/auth/test_identity_credentials.py::test_a_reset_token_is_single_use_and_stored_hashed
tests/auth/test_identity_credentials.py::test_an_expired_reset_token_is_refused
tests/auth/test_identity_credentials.py::test_an_unknown_reset_token_is_refused
tests/auth/test_identity_credentials.py::test_email_verification_tokens_are_single_use
tests/auth/test_identity_credentials.py::test_reset_and_verification_tokens_are_not_interchangeable
tests/auth/test_identity_credentials.py::test_the_log_transport_reports_a_no_op_instead_of_failing
tests/auth/test_identity_credentials.py::test_the_reset_flow_uses_the_same_password_policy_as_signup
tests/auth/test_identity_policy.py::test_the_defaults_are_the_documented_ones
tests/auth/test_identity_policy.py::test_a_change_records_what_it_replaced
tests/auth/test_identity_policy.py::test_a_value_outside_the_permitted_range_is_refused
tests/auth/test_identity_policy.py::test_an_allow_list_is_normalized_and_validated
tests/auth/test_identity_policy.py::test_requiring_sso_with_nothing_to_require_is_refused
tests/auth/test_identity_policy.py::test_each_workspace_has_its_own
tests/auth/test_identity_policy.py::test_reading_needs_a_permission_and_writing_needs_a_stronger_one
tests/auth/test_identity_policy.py::test_a_machine_credential_cannot_change_the_policy
tests/auth/test_identity_policy.py::test_turning_off_password_login_stops_a_password_login
tests/auth/test_identity_policy.py::test_an_allow_list_keeps_outsiders_out_and_lets_the_listed_in
tests/auth/test_identity_policy.py::test_turning_off_api_keys_stops_a_live_key_on_the_next_request
tests/auth/test_identity_policy.py::test_turning_off_service_accounts_stops_a_live_credential
tests/auth/test_identity_policy.py::test_privileged_reauth_can_be_switched_off
tests/auth/test_identity_policy.py::test_scim_can_be_switched_off_per_workspace
tests/auth/test_identity_policy.py::test_provisioning_can_be_switched_off_without_breaking_linked_logins
tests/auth/test_login_notice.py::test_a_successful_password_login_notifies_and_a_failure_does_not
tests/auth/test_login_notice.py::test_a_notice_failure_does_not_fail_the_login
tests/auth/test_mfa.py::test_enrollment_stores_only_ciphertext
tests/auth/test_mfa.py::test_enrollment_requires_a_code_from_the_same_seed
tests/auth/test_mfa.py::test_confirm_returns_recovery_codes_once_and_stores_only_hashes
tests/auth/test_mfa.py::test_a_code_cannot_be_replayed
tests/auth/test_mfa.py::test_wrong_codes_lock_the_challenge
tests/auth/test_mfa.py::test_a_consumed_challenge_cannot_be_reused
tests/auth/test_mfa.py::test_a_recovery_code_works_exactly_once
tests/auth/test_mfa.py::test_regenerating_recovery_codes_replaces_the_old_set
tests/auth/test_mfa.py::test_disabling_a_factor_clears_codes_and_other_sessions
tests/auth/test_mfa.py::test_a_user_without_a_factor_cannot_open_a_challenge
tests/auth/test_mfa.py::test_enrolling_twice_is_refused_while_a_factor_is_active
tests/auth/test_mfa.py::test_totp_window_accepts_one_step_of_skew_each_way
tests/auth/test_mfa.py::test_verification_rate_limit_is_per_user
tests/auth/test_mfa.py::test_mfa_secret_is_never_logged_or_returned_by_status
tests/auth/test_mfa.py::test_factor_rows_are_scoped_to_one_user
tests/auth/test_mfa.py::test_enrollment_refuses_when_mfa_is_disabled_on_the_deployment
tests/auth/test_mfa.py::test_password_verification_is_untouched_by_mfa
tests/auth/test_mfa.py::test_unused_import_guard
tests/auth/test_mfa_enrollment.py::test_enrollment_requires_an_authenticated_session
tests/auth/test_mfa_enrollment.py::test_the_seed_is_returned_once_and_stored_as_ciphertext_only
tests/auth/test_mfa_enrollment.py::test_a_pending_factor_gates_nothing_until_it_is_confirmed
tests/auth/test_mfa_enrollment.py::test_confirmation_activates_the_factor_and_shows_the_codes_once
tests/auth/test_mfa_enrollment.py::test_confirmation_with_a_code_from_another_seed_is_refused
tests/auth/test_mfa_enrollment.py::test_the_provisioning_uri_identifies_the_deployment_and_the_seed
tests/auth/test_mfa_enrollment.py::test_a_factor_is_scoped_to_the_user_and_tenant_that_enrolled_it
tests/auth/test_mfa_lockout.py::test_wrong_codes_lock_the_challenge_and_then_refuse_the_right_one
tests/auth/test_mfa_lockout.py::test_the_lockout_belongs_to_one_user
tests/auth/test_mfa_lockout.py::test_step_up_verification_is_rate_limited_per_user
tests/auth/test_mfa_lockout.py::test_starting_enrollments_is_rate_limited
tests/auth/test_mfa_lockout.py::test_a_consumed_challenge_cannot_be_answered_again
tests/auth/test_mfa_lockout.py::test_a_lockout_lifts_when_its_window_passes
tests/auth/test_mfa_logging.py::test_the_enrollment_seed_never_reaches_a_log
tests/auth/test_mfa_logging.py::test_neither_the_seed_nor_the_codes_reach_a_log
tests/auth/test_mfa_logging.py::test_the_audit_trail_records_the_event_without_the_secret
tests/auth/test_mfa_logging.py::test_the_challenge_token_is_stored_only_as_a_hash
tests/auth/test_mfa_logging.py::test_status_reports_the_posture_and_none_of_the_material
tests/auth/test_mfa_logging.py::test_the_factor_row_never_holds_the_seed_in_the_clear
tests/auth/test_mfa_verification.py::test_the_password_step_alone_yields_no_token
tests/auth/test_mfa_verification.py::test_a_correct_code_completes_the_login_and_marks_the_session
tests/auth/test_mfa_verification.py::test_a_wrong_code_is_refused_and_creates_no_session
tests/auth/test_mfa_verification.py::test_a_code_that_was_already_accepted_cannot_be_replayed
tests/auth/test_mfa_verification.py::test_an_unknown_challenge_token_is_refused
tests/auth/test_mfa_verification.py::test_a_step_up_challenge_cannot_be_used_to_finish_a_login
tests/auth/test_password_reset.py::test_the_same_answer_comes_back_for_a_real_and_an_unknown_address
tests/auth/test_password_reset.py::test_an_inactive_account_is_sent_nothing
tests/auth/test_password_reset.py::test_a_reset_ends_every_session_and_works_once
tests/auth/test_password_reset.py::test_an_expired_link_is_refused
tests/auth/test_password_reset.py::test_a_reset_token_is_not_an_email_verification_token
tests/auth/test_password_reset.py::test_the_password_policy_applies_to_a_reset_link
tests/auth/test_password_reset.py::test_a_token_for_another_account_cannot_be_used_against_yours
tests/auth/test_password_reset.py::test_requests_are_rate_limited_per_address
tests/auth/test_password_reset.py::test_the_flow_is_audited_without_ever_recording_the_token
tests/auth/test_principals.py::test_the_four_kinds_and_which_of_them_are_machines
tests/auth/test_principals.py::test_scopes_are_a_second_gate_and_none_means_unlimited
tests/auth/test_principals.py::test_a_human_session_and_a_key_both_work_but_are_not_the_same_caller
tests/auth/test_principals.py::test_scope_narrowing_survives_the_owners_role
tests/auth/test_principals.py::test_the_actor_of_a_machine_credential_is_the_person_who_made_it
tests/auth/test_principals.py::test_a_key_belongs_to_the_workspace_that_issued_it
tests/auth/test_principals.py::test_suspending_the_actor_stops_their_credentials
tests/auth/test_principals.py::test_the_credential_families_do_not_cross
tests/auth/test_principals.py::test_a_token_that_is_not_a_token_is_refused_everywhere
tests/auth/test_recovery_codes.py::test_codes_are_stored_only_as_digests
tests/auth/test_recovery_codes.py::test_a_recovery_code_logs_in_once_and_only_once
tests/auth/test_recovery_codes.py::test_a_used_code_is_recorded_in_the_audit_trail
tests/auth/test_recovery_codes.py::test_regenerating_retires_the_previous_set
tests/auth/test_recovery_codes.py::test_regenerating_needs_a_fresh_proof_of_presence
tests/auth/test_recovery_codes.py::test_a_recovery_code_outside_the_set_is_refused
tests/auth/test_service_accounts.py::test_a_credential_carries_exactly_its_scopes
tests/auth/test_service_accounts.py::test_a_credential_is_returned_once_and_never_listed_again
tests/auth/test_service_accounts.py::test_rotating_a_credential_revokes_the_previous_one
tests/auth/test_service_accounts.py::test_disabling_an_account_stops_its_credentials_and_enabling_restores_them
tests/auth/test_service_accounts.py::test_the_emergency_stop_cannot_be_undone_by_enable
tests/auth/test_service_accounts.py::test_lifting_an_emergency_stop_needs_an_owner_and_a_reason
tests/auth/test_service_accounts.py::test_deleting_an_account_revokes_its_credentials
tests/auth/test_service_accounts.py::test_a_machine_credential_cannot_manage_machine_credentials
tests/auth/test_service_accounts.py::test_a_credential_cannot_be_granted_more_than_its_creator_holds
tests/auth/test_service_accounts.py::test_another_tenants_admin_cannot_touch_the_account
tests/auth/test_session_revocation.py::test_the_session_list_marks_the_caller_and_hides_nothing_else
tests/auth/test_session_revocation.py::test_revoking_one_session_leaves_the_others_alone
tests/auth/test_session_revocation.py::test_revoking_others_keeps_the_caller_signed_in
tests/auth/test_session_revocation.py::test_revoking_all_ends_the_callers_session_too
tests/auth/test_session_revocation.py::test_a_revoked_refresh_token_cannot_mint_a_new_access_token
tests/auth/test_session_revocation.py::test_another_users_session_id_is_not_revocable
tests/auth/test_session_revocation.py::test_a_session_can_be_renamed_without_revoking_it
tests/auth/test_sessions.py::test_an_idle_session_is_not_live_once_its_deadline_passes
tests/auth/test_sessions.py::test_a_session_also_ends_at_its_absolute_deadline
tests/auth/test_sessions.py::test_touching_a_live_session_pushes_the_idle_deadline_out
tests/auth/test_sessions.py::test_the_concurrent_session_ceiling_evicts_the_least_recently_used
tests/auth/test_sessions.py::test_evicting_a_session_also_kills_its_refresh_tokens
tests/auth/test_sessions.py::test_a_change_of_password_keeps_this_session_and_ends_the_others
tests/auth/test_sessions.py::test_a_second_factor_change_ends_every_other_session
tests/auth/test_sessions.py::test_a_first_login_from_a_new_place_is_not_an_event
tests/auth/test_sessions.py::test_a_second_login_from_an_unseen_address_is_recorded
tests/auth/test_sessions.py::test_the_event_never_blocks_the_login
tests/auth/test_sessions.py::test_devices_are_described_without_a_parser_dependency
tests/auth/test_sessions.py::test_a_caller_cannot_revoke_a_session_it_does_not_own
tests/auth/test_sessions.py::test_counts_reflect_only_live_sessions
tests/auth/test_sessions.py::test_a_session_records_how_it_was_authenticated
tests/auth/test_totp.py::test_the_rfc_seed_encodes_to_the_expected_base32
tests/auth/test_totp.py::test_hotp_matches_rfc_4226_appendix_d[0-755224]
tests/auth/test_totp.py::test_hotp_matches_rfc_4226_appendix_d[1-287082]
tests/auth/test_totp.py::test_hotp_matches_rfc_4226_appendix_d[2-359152]
tests/auth/test_totp.py::test_hotp_matches_rfc_4226_appendix_d[3-969429]
tests/auth/test_totp.py::test_hotp_matches_rfc_4226_appendix_d[4-338314]
tests/auth/test_totp.py::test_hotp_matches_rfc_4226_appendix_d[5-254676]
tests/auth/test_totp.py::test_hotp_matches_rfc_4226_appendix_d[6-287922]
tests/auth/test_totp.py::test_hotp_matches_rfc_4226_appendix_d[7-162583]
tests/auth/test_totp.py::test_hotp_matches_rfc_4226_appendix_d[8-399871]
tests/auth/test_totp.py::test_hotp_matches_rfc_4226_appendix_d[9-520489]
tests/auth/test_totp.py::test_totp_matches_rfc_6238_appendix_b[59-94287082]
tests/auth/test_totp.py::test_totp_matches_rfc_6238_appendix_b[1111111109-07081804]
tests/auth/test_totp.py::test_totp_matches_rfc_6238_appendix_b[1111111111-14050471]
tests/auth/test_totp.py::test_totp_matches_rfc_6238_appendix_b[1234567890-89005924]
tests/auth/test_totp.py::test_totp_matches_rfc_6238_appendix_b[2000000000-69279037]
tests/auth/test_totp.py::test_totp_matches_rfc_6238_appendix_b[20000000000-65353130]
tests/auth/test_totp.py::test_a_generated_secret_is_base32_and_at_least_160_bits
tests/auth/test_totp.py::test_a_short_secret_is_refused
tests/auth/test_totp.py::test_verify_finds_the_current_step
tests/auth/test_totp.py::test_verify_accepts_one_step_of_skew_on_each_side
tests/auth/test_totp.py::test_verify_refuses_a_code_from_outside_the_window
tests/auth/test_totp.py::test_verify_refuses_a_spent_step_even_while_it_is_still_in_the_window
tests/auth/test_totp.py::test_verify_refuses_anything_that_is_not_a_code_of_the_right_length[]
tests/auth/test_totp.py::test_verify_refuses_anything_that_is_not_a_code_of_the_right_length[12345]
tests/auth/test_totp.py::test_verify_refuses_anything_that_is_not_a_code_of_the_right_length[1234567]
tests/auth/test_totp.py::test_verify_refuses_anything_that_is_not_a_code_of_the_right_length[abcdef]
tests/auth/test_totp.py::test_verify_refuses_anything_that_is_not_a_code_of_the_right_length[12345a]
tests/auth/test_totp.py::test_verify_refuses_anything_that_is_not_a_code_of_the_right_length[9428708 ]
tests/auth/test_totp.py::test_verify_refuses_anything_that_is_not_a_code_of_the_right_length[  94287  08]
tests/auth/test_totp.py::test_verify_strips_spaces_inside_a_code
tests/auth/test_totp.py::test_a_code_from_a_different_secret_is_refused
tests/auth/test_totp.py::test_an_invalid_secret_is_rejected_rather_than_silently_accepted
tests/auth/test_totp.py::test_arguments_are_validated
tests/auth/test_totp.py::test_the_code_comparison_is_constant_time
tests/auth/test_totp.py::test_the_provisioning_uri_is_what_an_authenticator_app_expects
tests/auth/test_totp.py::test_a_secret_is_never_returned_with_padding_or_spaces
tests/campaign/test_concurrency.py::test_concurrent_dial_claims_the_lead_exactly_once
tests/campaign/test_concurrency.py::test_cross_environment_pair_is_never_claimed_under_a_race
tests/campaign/test_concurrency.py::test_concurrent_transitions_are_compare_and_set
tests/campaign/test_concurrency.py::test_repeat_transition_after_claim_loss_is_still_valid
tests/campaign/test_concurrency.py::test_concurrent_plans_are_deterministic_and_identical
tests/campaign/test_concurrency.py::test_concurrent_state_transitions_never_produce_an_illegal_state
tests/campaign/test_concurrency.py::test_concurrent_schedule_is_idempotent
tests/campaign/test_environment_scope.py::test_campaign_defaults_to_the_active_production_environment
tests/campaign/test_environment_scope.py::test_campaign_accepts_an_explicit_same_tenant_environment
tests/campaign/test_environment_scope.py::test_lookup_without_environment_uses_default_production
tests/campaign/test_environment_scope.py::test_same_tenant_wrong_environment_lookup_is_not_found
tests/campaign/test_environment_scope.py::test_cross_tenant_campaign_is_not_found
tests/campaign/test_environment_scope.py::test_cross_tenant_environment_fails_closed
tests/campaign/test_environment_scope.py::test_lead_from_another_environment_is_rejected
tests/campaign/test_environment_scope.py::test_lead_from_another_tenant_is_rejected
tests/campaign/test_environment_scope.py::test_segment_from_another_environment_is_rejected
tests/campaign/test_environment_scope.py::test_segment_resolution_is_scoped_to_the_campaign_environment
tests/campaign/test_environment_scope.py::test_execution_plan_skips_a_cross_environment_lead
tests/campaign/test_environment_scope.py::test_archived_environment_refuses_campaign_writes
tests/campaign/test_environment_scope.py::test_suspended_environment_refuses_campaign_writes
tests/campaign/test_environment_scope.py::test_state_change_in_a_suspended_environment_is_refused
tests/campaign/test_environment_scope.py::test_api_create_uses_the_selected_environment
tests/campaign/test_environment_scope.py::test_api_create_with_explicit_environment
tests/campaign/test_environment_scope.py::test_api_create_with_a_foreign_environment_is_404
tests/campaign/test_environment_scope.py::test_api_defaults_to_production_without_any_context
tests/campaign/test_environment_scope.py::test_client_supplied_tenant_cannot_change_the_authenticated_tenant
tests/campaign/test_environment_scope.py::test_audience_environment_stamp_is_normalized_never_honored
tests/campaign/test_legacy_compatibility.py::test_create_list_get_round_trip
tests/campaign/test_legacy_compatibility.py::test_patch_preserves_environment_and_id
tests/campaign/test_legacy_compatibility.py::test_state_machine_endpoints_keep_working
tests/campaign/test_legacy_compatibility.py::test_plan_results_kpis_audience_eligibility_keep_working
tests/campaign/test_legacy_compatibility.py::test_get_by_id_from_a_different_environment_is_404
tests/campaign/test_legacy_compatibility.py::test_legacy_create_and_list_urls_still_work
tests/campaign/test_legacy_compatibility.py::test_legacy_list_counts_only_same_environment_leads
tests/campaign/test_legacy_compatibility.py::test_legacy_run_url_still_works
tests/campaign/test_legacy_compatibility.py::test_legacy_run_dry_run_on_active_campaign
tests/campaign/test_legacy_compatibility.py::test_legacy_run_refuses_a_campaign_from_another_environment
tests/campaign/test_legacy_compatibility.py::test_campaigns_created_via_legacy_route_are_visible_in_the_modern_api
tests/campaign/test_legacy_compatibility.py::test_campaigns_created_via_modern_api_are_visible_in_legacy_list
tests/campaign/test_legacy_compatibility.py::test_other_tenants_campaigns_never_leak
tests/campaign/test_live_run_billing_enforcement.py::test_live_campaign_run_is_blocked_before_lead_claim_and_provider_call
tests/compliance/test_industry_templates.py::test_starter_profile_creates_only_explicit_source_bound_boolean_checks[healthcare-operations-basic-healthcare-field_names0]
tests/compliance/test_industry_templates.py::test_starter_profile_creates_only_explicit_source_bound_boolean_checks[manufacturing-operations-basic-manufacturing-field_names1]
tests/compliance/test_industry_templates.py::test_starter_profile_creates_only_explicit_source_bound_boolean_checks[retail-operations-basic-retail-field_names2]
tests/compliance/test_industry_templates.py::test_template_rejects_missing_extra_and_blank_source_references
tests/compliance/test_industry_templates.py::test_templates_disclose_their_non_regulatory_and_non_clinical_scope
tests/compliance/test_qms_ocg.py::test_qms_document_status_revision_evidence_and_source_are_explainable
tests/compliance/test_qms_ocg.py::test_ocg_rule_states_are_deterministic_and_source_bound
tests/compliance/test_qms_ocg.py::test_requested_agent_catalog_and_industry_checks_are_registered_and_non_clinical
tests/compliance/test_qms_ocg.py::test_compliance_findings_remediation_review_and_scope_isolation
tests/contact_center/test_agent_state.py::test_illegal_and_duplicate_transitions
tests/contact_center/test_agent_state.py::test_heartbeat_does_not_make_offline_available
tests/contact_center/test_agent_state.py::test_stale_available_agent_is_not_offered_work
tests/contact_center/test_agent_state.py::test_agent_cannot_disable_self
tests/contact_center/test_agent_state.py::test_same_state_is_a_duplicate
tests/contact_center/test_concurrency.py::test_capacity_one_rejects_a_second_item
tests/contact_center/test_concurrency.py::test_concurrent_sessions_award_one_owner
tests/contact_center/test_overflow.py::test_missing_escalation_number_is_not_success
tests/contact_center/test_overflow.py::test_callback_is_requested_only_when_the_job_exists
tests/contact_center/test_overflow.py::test_escalate_success_requires_telephony_acceptance
tests/contact_center/test_queue.py::test_create_queue_and_member_does_not_mark_available
tests/contact_center/test_queue.py::test_duplicate_queue_name_is_rejected
tests/contact_center/test_queue.py::test_escalate_policy_requires_a_number
tests/contact_center/test_queue.py::test_client_tenant_cannot_override_queue_create
tests/contact_center/test_queue.py::test_other_tenant_queue_is_missing
tests/contact_center/test_queue.py::test_unknown_user_cannot_join
tests/contact_center/test_routing.py::test_least_loaded_is_stable_and_not_random
tests/contact_center/test_routing.py::test_rejected_agent_is_explained
tests/contact_center/test_routing.py::test_enqueue_assigns_one_inbox_owner
tests/contact_center/test_routing.py::test_second_enqueue_does_not_create_a_second_owner
tests/contact_center/test_routing.py::test_missing_skill_is_not_assigned
tests/contact_center/test_routing.py::test_least_loaded_prefers_the_idle_agent
tests/contact_center/test_skills.py::test_proficiency_bounds_and_required_skill_routes
tests/contact_center/test_skills.py::test_disabled_skill_blocks_assignment
tests/contact_center/test_skills.py::test_skill_is_tenant_scoped
tests/contact_center/test_skills.py::test_viewer_cannot_create_a_skill
tests/contact_center/test_supervisor.py::test_viewer_cannot_force_state
tests/contact_center/test_supervisor.py::test_disable_releases_work_and_repeat_release_is_duplicate
tests/contact_center/test_supervisor.py::test_manager_can_read_supervisor_monitor_but_not_write
tests/deployment/test_deployment_service.py::test_target_idempotency_preflight_revision_integrity_and_fail_closed_verification
tests/deployment/test_deployment_service.py::test_unsupported_target_fails_before_persistence
tests/deployment/test_deployment_service.py::test_public_verify_route_dispatches_to_authoritative_runtime_verifier
tests/deployment/test_readiness_verification.py::test_readiness_keeps_registry_result_distinct_from_runtime_verification
tests/deployment/test_readiness_verification.py::test_readiness_detects_missing_environment_revision_and_artifact
tests/deployment/test_readiness_verification.py::test_readiness_reports_approval_residency_monitoring_and_backup_unverified_without_authority
tests/deployment/test_readiness_verification.py::test_oci_registry_client_is_pinned_to_configured_host
tests/deployment/test_readiness_verification.py::test_verification_requires_fresh_scoped_healthy_artifact_observation
tests/deployment/test_readiness_verification.py::test_no_observation_or_boolean_claim_cannot_advance_verification
tests/deployment/test_runtime_adapters.py::test_adapter_protocol_and_observation_contract
tests/deployment/test_runtime_adapters.py::test_signed_airgap_manifest_is_integrity_only
tests/deployment/test_runtime_adapters.py::test_airgap_invalid_signature_and_wrong_identity_fail_closed
tests/deployment/test_runtime_adapters.py::test_airgap_missing_offline_prerequisite_and_invalid_mode
tests/deployment/test_runtime_adapters.py::test_container_digest_mismatch_or_missing_health_never_verifies
tests/deployment/test_runtime_adapters.py::test_container_tenant_environment_revision_and_apply_are_fail_closed
tests/deployment/test_runtime_adapters.py::test_kubernetes_missing_client_reports_unavailable
tests/deployment/test_runtime_adapters.py::test_kubernetes_live_observation_requires_generation_pods_digest_revision_and_scope
tests/deployment/test_runtime_adapters.py::test_registry_declared_versus_verified_and_unavailable
tests/deployment/test_runtime_adapters.py::test_oci_client_pins_host_and_digest_header
tests/deployment/test_runtime_adapters.py::test_client_boolean_alone_cannot_establish_verified_state
tests/e2e/test_agent_builder_to_call_flow.py::test_builder_publishes_persisted_snapshot_then_simulated_call_uses_it
tests/e2e/test_calls_analytics_flow.py::test_persisted_call_transcript_replay_and_analytics_read_paths
tests/e2e/test_campaign_workflow_flow.py::test_campaign_audience_plan_and_controlled_workflow_lead_action
tests/e2e/test_chat_sms_flow.py::test_persisted_chat_message_memory_and_sms_provider_fail_closed
tests/e2e/test_conductor_flow.py::test_conductor_full_workflow_partial_approve_simulate_and_immutable_apply
tests/e2e/test_conductor_flow.py::test_prompt8_conductor_failure_reproduction_review_and_immutable_apply
tests/e2e/test_enterprise_cross_module_auth.py::test_tenant_environment_rbac_api_key_and_module_isolation
tests/e2e/test_full_platform_e2e.py::test_master_new_customer_to_simulated_call_and_truthful_cross_module_state
tests/e2e/test_full_platform_e2e.py::test_call_pin_keeps_superseded_snapshot_and_unpinned_call_uses_persisted_pointer
tests/e2e/test_guardrails_pii_flow.py::test_guardrails_pii_redaction_and_raw_export_authorization
tests/e2e/test_knowledge_crm_flow.py::test_ingested_knowledge_builder_association_contact_memory_and_crm_readiness
tests/e2e/test_live_monitor_takeover_flow.py::test_live_monitor_and_takeover_actions_are_audited_and_not_faked
tests/e2e/test_public_to_dashboard_flow.py::test_public_catalog_signup_environment_and_authenticated_dashboard_api
tests/e2e/test_settings_billing_flow.py::test_settings_security_and_billing_read_write_state_are_persisted
tests/e2e/test_testing_simulation_flow.py::test_version_pinned_playground_and_failed_scenario_are_persisted_truthfully
tests/e2e/test_voice_telephony_flow.py::test_phone_sip_inbound_live_fail_closed_and_simulation_version_binding
tests/environments/test_campaign_resource_binding.py::test_campaign_table_matches_the_lead_conventions
tests/environments/test_campaign_resource_binding.py::test_lead_and_campaign_use_the_same_column_conventions
tests/environments/test_campaign_resource_binding.py::test_legacy_insert_without_environment_binds_production
tests/environments/test_campaign_resource_binding.py::test_insert_with_explicit_environment_persists
tests/environments/test_campaign_resource_binding.py::test_insert_with_a_cross_tenant_environment_is_denied
tests/environments/test_campaign_resource_binding.py::test_insert_into_a_closed_environment_is_denied
tests/environments/test_campaign_resource_binding.py::test_campaign_environment_is_immutable_after_insert
tests/environments/test_campaign_resource_binding.py::test_service_binds_the_default_production_environment
tests/environments/test_campaign_resource_binding.py::test_service_refuses_a_cross_tenant_environment
tests/environments/test_campaign_resource_binding.py::test_suspended_environment_refuses_campaign_writes
tests/environments/test_campaign_resource_binding.py::test_archived_environment_refuses_campaign_writes
tests/environments/test_campaign_resource_binding.py::test_suspended_production_refuses_default_campaign_creation
tests/environments/test_campaign_resource_binding.py::test_campaign_lead_pair_must_share_tenant_and_environment
tests/environments/test_campaign_resource_binding.py::test_lead_hooks_still_bind_freeze_and_deny
tests/environments/test_environment_policy_enforcement.py::test_production_rejects_an_unauthorized_write_and_accepts_an_admin
tests/environments/test_environment_policy_enforcement.py::test_staging_and_development_follow_their_role_floors
tests/environments/test_environment_policy_enforcement.py::test_suspended_and_archived_block_writes_and_reads_follow_policy
tests/environments/test_environment_policy_enforcement.py::test_a_child_environment_cannot_weaken_a_parent_control
tests/environments/test_environment_policy_enforcement.py::test_an_automation_worker_cannot_execute_into_another_environment
tests/environments/test_environment_resource_api.py::test_owner_can_read_and_create_and_viewer_cannot_write
tests/environments/test_environment_resource_api.py::test_cross_tenant_and_missing_environment_look_the_same
tests/environments/test_environment_resource_api.py::test_suspended_environment_rejects_a_write_and_export_is_paged
tests/environments/test_environment_resource_isolation.py::test_production_does_not_list_staging_or_foreign_rows
tests/environments/test_environment_resource_isolation.py::test_a_foreign_resource_id_is_not_readable_in_this_environment
tests/environments/test_environment_resource_isolation.py::test_retrieval_does_not_cross_environments
tests/environments/test_legacy_tenant_compatibility.py::test_legacy_lead_import_binds_production
tests/environments/test_legacy_tenant_compatibility.py::test_direct_constructors_bind_production_without_an_environment_argument
tests/environments/test_legacy_tenant_compatibility.py::test_usage_metric_contract_is_unchanged
tests/environments/test_resource_binding.py::test_a_new_lead_binds_to_the_tenants_production_environment
tests/environments/test_resource_binding.py::test_an_explicit_same_tenant_environment_is_accepted
tests/environments/test_resource_binding.py::test_a_cross_tenant_environment_is_rejected
tests/environments/test_resource_binding.py::test_a_missing_environment_is_rejected_for_a_new_scoped_write
tests/environments/test_resource_binding.py::test_archived_and_suspended_environments_reject_writes
tests/environments/test_resource_binding.py::test_environment_id_is_immutable_after_insert
tests/environments/test_resource_binding.py::test_a_foreign_key_to_another_tenants_environment_is_not_stored
tests/environments/test_resource_concurrency.py::test_two_creates_bind_the_same_production_row_and_cannot_be_rebound
tests/environments/test_resource_concurrency.py::test_a_suspended_environment_racing_a_create_rejects_the_insert
tests/environments/test_resource_concurrency.py::test_duplicate_usage_events_do_not_double_charge
tests/environments/test_resource_migration.py::test_empty_database_backfill_is_a_no_op
tests/environments/test_resource_migration.py::test_many_tenants_bind_only_to_their_own_production
tests/environments/test_resource_queries.py::test_combined_filter_excludes_other_environments_and_tenants
tests/environments/test_resource_scope.py::test_explicit_environment_wins
tests/environments/test_resource_scope.py::test_selected_environment_is_used_when_no_explicit_id
tests/environments/test_resource_scope.py::test_legacy_resolution_uses_active_default_production
tests/environments/test_resource_scope.py::test_archived_or_suspended_default_is_not_used_for_a_write
tests/environments/test_resource_scope.py::test_a_cross_tenant_environment_id_is_rejected
tests/environments/test_resource_scope.py::test_a_malformed_environment_id_does_not_resolve
tests/environments/test_resource_types.py::test_exactly_eight_resource_types_are_registered
tests/environments/test_resource_types.py::test_each_type_maps_to_one_model
tests/environments/test_resource_types.py::test_control_plane_resources_stay_excluded
tests/evals/rag/test_rag_eval.py::test_retrieval_relevance[standard_cleaning_price]
tests/evals/rag/test_rag_eval.py::test_retrieval_relevance[deep_cleaning_price]
tests/evals/rag/test_rag_eval.py::test_retrieval_relevance[refund_window]
tests/evals/rag/test_rag_eval.py::test_retrieval_relevance[cancellation_fee]
tests/evals/rag/test_rag_eval.py::test_retrieval_relevance[parking]
tests/evals/rag/test_rag_eval.py::test_retrieval_relevance[insurance_accepted]
tests/evals/rag/test_rag_eval.py::test_retrieval_relevance[saturday_hours]
tests/evals/rag/test_rag_eval.py::test_relevance_summary
tests/evals/rag/test_rag_eval.py::test_the_answer_context_is_grounded_in_a_real_chunk[standard_cleaning_price]
tests/evals/rag/test_rag_eval.py::test_the_answer_context_is_grounded_in_a_real_chunk[deep_cleaning_price]
tests/evals/rag/test_rag_eval.py::test_the_answer_context_is_grounded_in_a_real_chunk[refund_window]
tests/evals/rag/test_rag_eval.py::test_the_answer_context_is_grounded_in_a_real_chunk[cancellation_fee]
tests/evals/rag/test_rag_eval.py::test_the_answer_context_is_grounded_in_a_real_chunk[parking]
tests/evals/rag/test_rag_eval.py::test_the_answer_context_is_grounded_in_a_real_chunk[insurance_accepted]
tests/evals/rag/test_rag_eval.py::test_the_answer_context_is_grounded_in_a_real_chunk[saturday_hours]
tests/evals/rag/test_rag_eval.py::test_every_grounded_answer_is_traceable_to_its_source[standard_cleaning_price]
tests/evals/rag/test_rag_eval.py::test_every_grounded_answer_is_traceable_to_its_source[deep_cleaning_price]
tests/evals/rag/test_rag_eval.py::test_every_grounded_answer_is_traceable_to_its_source[refund_window]
tests/evals/rag/test_rag_eval.py::test_every_grounded_answer_is_traceable_to_its_source[cancellation_fee]
tests/evals/rag/test_rag_eval.py::test_every_grounded_answer_is_traceable_to_its_source[parking]
tests/evals/rag/test_rag_eval.py::test_every_grounded_answer_is_traceable_to_its_source[insurance_accepted]
tests/evals/rag/test_rag_eval.py::test_every_grounded_answer_is_traceable_to_its_source[saturday_hours]
tests/evals/rag/test_rag_eval.py::test_unsupported_questions_retrieve_nothing[bicycle_repair]
tests/evals/rag/test_rag_eval.py::test_unsupported_questions_retrieve_nothing[ceo_salary]
tests/evals/rag/test_rag_eval.py::test_unsupported_questions_retrieve_nothing[tractor_returns]
tests/evals/rag/test_rag_eval.py::test_unsupported_questions_produce_a_do_not_guess_context[bicycle_repair]
tests/evals/rag/test_rag_eval.py::test_unsupported_questions_produce_a_do_not_guess_context[ceo_salary]
tests/evals/rag/test_rag_eval.py::test_unsupported_questions_produce_a_do_not_guess_context[tractor_returns]
tests/evals/rag/test_rag_eval.py::test_the_agent_refuses_unsupported_questions[bicycle_repair]
tests/evals/rag/test_rag_eval.py::test_the_agent_refuses_unsupported_questions[ceo_salary]
tests/evals/rag/test_rag_eval.py::test_the_agent_refuses_unsupported_questions[tractor_returns]
tests/evals/rag/test_rag_eval.py::test_a_malicious_document_still_indexes
tests/evals/rag/test_rag_eval.py::test_injected_instructions_are_neutralized_in_the_prompt[how much does a cleaning cost]
tests/evals/rag/test_rag_eval.py::test_injected_instructions_are_neutralized_in_the_prompt[what are your terms]
tests/evals/rag/test_rag_eval.py::test_injected_instructions_are_neutralized_in_the_prompt[tell me about your price list]
tests/evals/rag/test_rag_eval.py::test_injected_instructions_are_neutralized_in_tool_results[how much does a cleaning cost]
tests/evals/rag/test_rag_eval.py::test_injected_instructions_are_neutralized_in_tool_results[what are your terms]
tests/evals/rag/test_rag_eval.py::test_injected_instructions_are_neutralized_in_tool_results[tell me about your price list]
tests/evals/rag/test_rag_eval.py::test_the_legitimate_fact_in_a_poisoned_document_still_works
tests/evals/rag/test_rag_eval.py::test_a_poisoned_document_cannot_forge_the_context_fence
tests/evals/rag/test_rag_eval.py::test_tenant_isolation_cases[acme_must_not_see_beta_whitening_price]
tests/evals/rag/test_rag_eval.py::test_tenant_isolation_cases[acme_must_not_see_beta_refund_window]
tests/evals/rag/test_rag_eval.py::test_tenant_isolation_cases[acme_must_not_see_beta_supplier]
tests/evals/rag/test_rag_eval.py::test_isolation_holds_in_both_directions
tests/evals/rag/test_rag_eval.py::test_isolation_summary
tests/governance/test_evidence_chain.py::test_canonical_payload_and_chain_hash_are_deterministic
tests/governance/test_evidence_chain.py::test_event_payload_tampering_is_not_valid
tests/governance/test_foundation.py::test_canonical_hash_is_stable_for_key_order_and_utc
tests/governance/test_foundation.py::test_missing_policy_fails_closed_and_leaves_evidence
tests/governance/test_foundation.py::test_policy_publish_then_decide_and_foreign_tenant_is_hidden
tests/governance/test_foundation.py::test_model_approval_requires_authoritative_evaluation_and_is_tenant_scoped
tests/governance/test_governance_api.py::test_governance_api_requires_authentication
tests/governance/test_governance_api.py::test_governance_api_uses_authenticated_tenant_for_bare_paths
tests/governance/test_lineage.py::test_lineage_uses_fingerprints_and_scrubs_credentials_from_metadata
tests/governance/test_model_registry.py::test_model_lifecycle_is_explicit_and_terminal_retirement_is_final
tests/governance/test_model_registry.py::test_unknown_risk_tier_is_rejected_not_normalized_to_a_safe_value
tests/governance/test_policy.py::test_pdp_supports_allow_deny_and_human_condition
tests/governance/test_policy.py::test_pdp_denies_missing_configuration_inputs
tests/governance/test_residency_and_evidence.py::test_residency_intent_is_durable_but_never_proof_without_verifier
tests/governance/test_residency_and_evidence.py::test_evidence_package_has_reproducible_root_and_foreign_scope_is_hidden
tests/governance/test_residency_enforcement.py::test_supported_label_still_cannot_prove_physical_residency
tests/governance/test_residency_enforcement.py::test_restricted_region_is_denied
tests/insight/test_insight_api.py::test_insight_route_auth_valid_sources_governance_and_tenant_scope
tests/integration/test_agent_version_persistence.py::TestDurableAgentVersionPersistence::test_1_create_draft_persists_across_independent_sessions
tests/integration/test_agent_version_persistence.py::TestDurableAgentVersionPersistence::test_2_draft_update_and_etag_optimistic_concurrency_409
tests/integration/test_agent_version_persistence.py::TestDurableAgentVersionPersistence::test_3_validation_failure_blocks_publish_with_422
tests/integration/test_agent_version_persistence.py::TestDurableAgentVersionPersistence::test_4_5_6_publish_immutability_version_lookup_diff_and_rollback
tests/integration/test_agent_version_persistence.py::TestDurableAgentVersionPersistence::test_7_concurrent_publish_allocates_monotonic_versions
tests/integration/test_agent_version_persistence.py::TestDurableAgentVersionPersistence::test_8_cross_tenant_isolation_enforced_everywhere
tests/integration/test_agent_version_persistence.py::TestDurableAgentVersionPersistence::test_9_10_archive_restore_guards_and_audit_trail
tests/integration/test_ai_lead_campaign_flow.py::test_ai_dnc_decision_holds_through_lifecycle_campaign_and_dialer
tests/integration/test_ai_lead_campaign_flow.py::test_cross_tenant_tool_call_never_touches_the_other_tenants_lead
tests/integration/test_ai_lead_campaign_flow.py::test_ai_created_staging_lead_is_invisible_to_a_production_campaign
tests/integration/test_ai_lead_campaign_flow.py::test_governed_text_reply_records_usage_then_campaign_dials_the_lead
tests/integration/test_ai_lead_campaign_flow.py::test_messaging_stop_and_start_never_reverse_the_voice_dnc_for_the_dialer
tests/integration/test_batch_testing.py::test_batch_suite_execution_and_version_qa_comparison
tests/integration/test_chat_contact_memory_persistence.py::test_contact_and_contact_memory_lifecycle_and_credential_refusal
tests/integration/test_chat_contact_memory_persistence.py::test_chat_agent_etag_conflict_publish_versions_and_rollback
tests/integration/test_chat_contact_memory_persistence.py::test_durable_chat_session_messages_and_cross_tenant_isolation
tests/integration/test_conductor_workflow.py::test_conductor_full_workflow_partial_approve_simulate_and_immutable_apply
tests/integration/test_conductor_workflow.py::test_conductor_stale_base_version_conflict_blocks_overwrite
tests/integration/test_employee_lifecycle.py::test_a_provisioned_employee_signs_in_through_sso_onto_the_same_account
tests/integration/test_employee_lifecycle.py::test_the_employee_sees_and_can_end_their_own_session
tests/integration/test_employee_lifecycle.py::test_an_administrator_suspending_the_account_ends_the_sso_session_immediately
tests/integration/test_employee_lifecycle.py::test_deprovisioning_in_the_directory_closes_every_door_at_once
tests/integration/test_employee_lifecycle.py::test_a_rehire_gets_a_fresh_account_and_not_the_old_session
tests/integration/test_employee_lifecycle.py::test_group_membership_through_scim_decides_the_role_sso_also_enforces
tests/integration/test_employee_lifecycle.py::test_the_whole_lifecycle_is_scoped_to_one_workspace
tests/integration/test_enterprise_policy_flow.py::test_a_domain_is_verified_through_a_real_dns_answer
tests/integration/test_enterprise_policy_flow.py::test_enforcement_cannot_be_switched_on_for_an_unverified_domain
tests/integration/test_enterprise_policy_flow.py::test_a_verified_domain_can_require_sso_and_the_audit_says_so
tests/integration/test_enterprise_policy_flow.py::test_a_policy_that_blocks_password_login_actually_blocks_it
tests/integration/test_enterprise_policy_flow.py::test_an_api_key_stops_working_the_moment_the_policy_disables_keys
tests/integration/test_enterprise_policy_flow.py::test_only_an_identity_writer_can_change_the_policy
tests/integration/test_enterprise_policy_flow.py::test_a_privileged_write_needs_a_fresh_proof_of_presence
tests/integration/test_enterprise_policy_flow.py::test_a_verified_login_ends_with_an_mfa_verified_session
tests/integration/test_enterprise_policy_flow.py::test_an_unverified_domain_never_refuses_a_login
tests/integration/test_evaluation_execution.py::test_zero_assertions_scorecard_and_rerun_evaluation_without_call_rerun
tests/integration/test_public_auth_boundary.py::test_anonymous_user_can_access_public_site_routes_without_auth
tests/integration/test_public_auth_boundary.py::test_public_home_and_analytics_expose_evidence_without_synthetic_metrics
tests/integration/test_public_auth_boundary.py::test_public_contact_sales_persists_durable_record
tests/integration/test_public_auth_boundary.py::test_anonymous_user_blocked_from_protected_apis_and_redirected_on_protected_routes
tests/integration/test_public_auth_boundary.py::test_open_redirect_next_values_rejected_and_safe_local_next_allowed
tests/integration/test_public_widget_security.py::test_public_key_and_widget_session_token_cannot_access_private_or_admin_apis
tests/integration/test_public_widget_security.py::test_widget_chat_session_multi_turn_and_honest_voice_not_configured_and_rate_limit
tests/integration/test_simulation_persistence.py::test_version_pinning_immutability_and_no_fake_simulation_pass
tests/integration/test_tenant_isolation_sweep.py::test_every_identity_resource_is_invisible_from_another_workspace
tests/integration/test_tenant_isolation_sweep.py::test_a_user_id_from_another_workspace_cannot_be_acted_on
tests/integration/test_tenant_isolation_sweep.py::test_a_session_id_from_another_workspace_cannot_be_revoked
tests/integration/test_tenant_isolation_sweep.py::test_machine_credentials_are_confined_to_their_workspace
tests/integration/test_tenant_isolation_sweep.py::test_a_service_account_credential_is_not_a_way_into_identity_management
tests/integration/test_tenant_isolation_sweep.py::test_a_foreign_id_in_a_create_payload_is_refused
tests/jobs/test_queue.py::test_enqueue_and_claim
tests/jobs/test_queue.py::test_duplicate_key_returns_existing
tests/jobs/test_queue.py::test_claim_next_is_atomic
tests/jobs/test_queue.py::test_priority_order
tests/jobs/test_queue.py::test_cancel_then_ack_refused
tests/jobs/test_queue.py::test_retry_job_and_dlq
tests/jobs/test_recovery.py::test_postgres_worker_crash_lease_reclaim_and_duplicate_prevention
tests/jobs/test_retry.py::test_backoff_grows
tests/jobs/test_retry.py::test_jitter_bounded
tests/jobs/test_retry.py::test_classify_permanent
tests/jobs/test_retry.py::test_decide_exhausted
tests/jobs/test_runtime_registry.py::test_deployment_is_known_by_existing_durable_job_registry
tests/jobs/test_runtime_registry.py::test_unknown_job_is_not_added_to_persisted_vocabulary
tests/jobs/test_worker.py::test_successful_handler
tests/jobs/test_worker.py::test_permanent_to_dlq
tests/jobs/test_worker.py::test_expired_lease_recovered
tests/leads/test_concurrency.py::test_two_sessions_cannot_both_claim
tests/leads/test_concurrency.py::test_stale_status_transition_loses
tests/leads/test_dedup.py::test_formatted_phone_and_email_case_match_inside_one_environment
tests/leads/test_dedup.py::test_same_phone_in_another_environment_is_not_a_duplicate
tests/leads/test_dedup.py::test_fuzzy_name_is_informational_and_does_not_merge
tests/leads/test_dedup.py::test_explicit_merge_keeps_history_and_propagates_dnc
tests/leads/test_dedup.py::test_cross_tenant_merge_is_rejected
tests/leads/test_dedup.py::test_self_merge_is_rejected
tests/leads/test_environment_scope.py::test_lead_is_invisible_from_another_environment
tests/leads/test_environment_scope.py::test_lead_is_invisible_from_another_tenant
tests/leads/test_environment_scope.py::test_update_from_the_wrong_environment_is_not_found
tests/leads/test_environment_scope.py::test_status_change_from_the_wrong_environment_is_not_found
tests/leads/test_environment_scope.py::test_activity_attachment_from_the_wrong_environment_is_denied
tests/leads/test_environment_scope.py::test_task_from_the_wrong_environment_is_not_found
tests/leads/test_environment_scope.py::test_score_from_the_wrong_environment_is_not_found
tests/leads/test_environment_scope.py::test_consent_from_the_wrong_environment_is_not_found
tests/leads/test_environment_scope.py::test_campaign_binding_must_share_the_leads_environment
tests/leads/test_environment_scope.py::test_update_cannot_rebind_to_a_cross_environment_campaign
tests/leads/test_environment_scope.py::test_update_rejects_environment_id_as_a_field
tests/leads/test_environment_scope.py::test_orm_level_environment_move_is_frozen
tests/leads/test_environment_scope.py::test_create_lead_defaults_to_production_and_stamps_history
tests/leads/test_environment_scope.py::test_supplied_foreign_environment_is_boundary_denied
tests/leads/test_import.py::test_csv_import_is_idempotent
tests/leads/test_import.py::test_invalid_row_is_reported_and_oversized_body_is_rejected
tests/leads/test_isolation.py::test_other_tenant_cannot_read_or_retarget
tests/leads/test_isolation.py::test_export_drops_secrets
tests/leads/test_lifecycle.py::test_every_valid_transition_is_accepted[called-do_not_call]
tests/leads/test_lifecycle.py::test_every_valid_transition_is_accepted[called-failed]
tests/leads/test_lifecycle.py::test_every_valid_transition_is_accepted[called-qualified]
tests/leads/test_lifecycle.py::test_every_valid_transition_is_accepted[called-queued]
tests/leads/test_lifecycle.py::test_every_valid_transition_is_accepted[called-unqualified]
tests/leads/test_lifecycle.py::test_every_valid_transition_is_accepted[failed-do_not_call]
tests/leads/test_lifecycle.py::test_every_valid_transition_is_accepted[failed-queued]
tests/leads/test_lifecycle.py::test_every_valid_transition_is_accepted[failed-unqualified]
tests/leads/test_lifecycle.py::test_every_valid_transition_is_accepted[new-called]
tests/leads/test_lifecycle.py::test_every_valid_transition_is_accepted[new-do_not_call]
tests/leads/test_lifecycle.py::test_every_valid_transition_is_accepted[new-failed]
tests/leads/test_lifecycle.py::test_every_valid_transition_is_accepted[new-qualified]
tests/leads/test_lifecycle.py::test_every_valid_transition_is_accepted[new-queued]
tests/leads/test_lifecycle.py::test_every_valid_transition_is_accepted[new-unqualified]
tests/leads/test_lifecycle.py::test_every_valid_transition_is_accepted[qualified-called]
tests/leads/test_lifecycle.py::test_every_valid_transition_is_accepted[qualified-do_not_call]
tests/leads/test_lifecycle.py::test_every_valid_transition_is_accepted[qualified-unqualified]
tests/leads/test_lifecycle.py::test_every_valid_transition_is_accepted[queued-called]
tests/leads/test_lifecycle.py::test_every_valid_transition_is_accepted[queued-do_not_call]
tests/leads/test_lifecycle.py::test_every_valid_transition_is_accepted[queued-failed]
tests/leads/test_lifecycle.py::test_every_valid_transition_is_accepted[queued-new]
tests/leads/test_lifecycle.py::test_every_valid_transition_is_accepted[queued-qualified]
tests/leads/test_lifecycle.py::test_every_valid_transition_is_accepted[queued-unqualified]
tests/leads/test_lifecycle.py::test_every_valid_transition_is_accepted[unqualified-do_not_call]
tests/leads/test_lifecycle.py::test_every_valid_transition_is_accepted[unqualified-qualified]
tests/leads/test_lifecycle.py::test_every_valid_transition_is_accepted[unqualified-queued]
tests/leads/test_lifecycle.py::test_every_invalid_transition_is_refused[called-called]
tests/leads/test_lifecycle.py::test_every_invalid_transition_is_refused[called-new]
tests/leads/test_lifecycle.py::test_every_invalid_transition_is_refused[do_not_call-called]
tests/leads/test_lifecycle.py::test_every_invalid_transition_is_refused[do_not_call-do_not_call]
tests/leads/test_lifecycle.py::test_every_invalid_transition_is_refused[do_not_call-failed]
tests/leads/test_lifecycle.py::test_every_invalid_transition_is_refused[do_not_call-new]
tests/leads/test_lifecycle.py::test_every_invalid_transition_is_refused[do_not_call-qualified]
tests/leads/test_lifecycle.py::test_every_invalid_transition_is_refused[do_not_call-queued]
tests/leads/test_lifecycle.py::test_every_invalid_transition_is_refused[do_not_call-unqualified]
tests/leads/test_lifecycle.py::test_every_invalid_transition_is_refused[failed-called]
tests/leads/test_lifecycle.py::test_every_invalid_transition_is_refused[failed-failed]
tests/leads/test_lifecycle.py::test_every_invalid_transition_is_refused[failed-new]
tests/leads/test_lifecycle.py::test_every_invalid_transition_is_refused[failed-qualified]
tests/leads/test_lifecycle.py::test_every_invalid_transition_is_refused[new-new]
tests/leads/test_lifecycle.py::test_every_invalid_transition_is_refused[qualified-failed]
tests/leads/test_lifecycle.py::test_every_invalid_transition_is_refused[qualified-new]
tests/leads/test_lifecycle.py::test_every_invalid_transition_is_refused[qualified-qualified]
tests/leads/test_lifecycle.py::test_every_invalid_transition_is_refused[qualified-queued]
tests/leads/test_lifecycle.py::test_every_invalid_transition_is_refused[queued-queued]
tests/leads/test_lifecycle.py::test_every_invalid_transition_is_refused[unqualified-called]
tests/leads/test_lifecycle.py::test_every_invalid_transition_is_refused[unqualified-failed]
tests/leads/test_lifecycle.py::test_every_invalid_transition_is_refused[unqualified-new]
tests/leads/test_lifecycle.py::test_every_invalid_transition_is_refused[unqualified-unqualified]
tests/leads/test_lifecycle.py::test_do_not_call_is_terminal
tests/leads/test_lifecycle.py::test_aliases_store_the_canonical_value
tests/leads/test_lifecycle.py::test_compare_and_set_rejects_a_stale_belief
tests/leads/test_lifecycle.py::test_api_status_change_writes_history
tests/leads/test_lifecycle.py::test_workflow_status_action_writes_history
tests/leads/test_lifecycle.py::test_workflow_cannot_reverse_do_not_call
tests/leads/test_lifecycle.py::test_ai_tool_dnc_goes_through_consent_and_history
tests/leads/test_lifecycle.py::test_messaging_stop_sets_dnc_and_start_never_reverses
tests/leads/test_lifecycle.py::test_no_direct_lead_status_assignments_outside_the_lifecycle
tests/leads/test_lifecycle.py::test_only_the_lifecycle_mirrors_status_onto_the_model
tests/leads/test_scoring.py::test_score_is_stable_and_versioned
tests/leads/test_scoring.py::test_scoring_does_not_clear_do_not_call
tests/leads/test_segments.py::test_segment_returns_only_matching_leads_in_scope
tests/leads/test_segments.py::test_raw_sql_and_unknown_fields_are_rejected
tests/leads/test_segments.py::test_member_pagination
tests/leads/test_service.py::test_create_stamps_tenant_and_environment
tests/leads/test_service.py::test_client_tenant_claim_is_rejected
tests/leads/test_service.py::test_transition_appends_history_and_dnc_is_terminal
tests/leads/test_service.py::test_voice_denial_sets_dnc_and_grant_cannot_clear_it
tests/leads/test_service.py::test_owner_assignment_uses_the_user_table
tests/leads/test_service.py::test_timeline_references_a_call_without_copying_the_transcript
tests/leads/test_service.py::test_enrichment_is_not_configured
tests/leads/test_service.py::test_legacy_collection_still_creates
tests/legal/test_persistence.py::test_legal_findings_real_citations_review_bridge_and_human_outcomes
tests/legal/test_persistence.py::test_no_citation_row_is_fabricated_without_actual_citation
tests/observability/test_runtime_cost.py::test_normalize_uses_existing_configured_provider_prices
tests/observability/test_runtime_cost.py::test_missing_price_is_unknown_not_zero
tests/observability/test_runtime_cost.py::test_cost_rejects_non_finite_measured_units
tests/operations/test_automation_durability.py::test_staging_automation_cannot_target_production
tests/operations/test_automation_durability.py::test_other_tenant_automation_is_not_found
tests/operations/test_automation_durability.py::test_action_receipt_is_unique
tests/operations/test_automation_durability.py::test_cross_tenant_receipt_does_not_match
tests/operations/test_automation_durability.py::test_retry_classification_and_backoff
tests/operations/test_automation_durability.py::test_missing_automation_is_not_a_cross_tenant_existence_leak
tests/operations/test_durable_jobs.py::test_duplicate_idempotency_key_returns_the_same_job
tests/operations/test_durable_jobs.py::test_idempotency_record_is_unique
tests/operations/test_durable_jobs.py::test_cross_tenant_job_is_invisible
tests/operations/test_durable_jobs.py::test_single_winner_on_concurrent_claim
tests/operations/test_durable_jobs.py::test_expired_lease_is_recovered
tests/operations/test_durable_jobs.py::test_permanent_error_is_dead_letter_and_replay_is_authorized
tests/operations/test_durable_jobs.py::test_retryable_failure_is_bounded
tests/operations/test_durable_jobs.py::test_cross_environment_job_is_not_executed
tests/operations/test_durable_jobs.py::test_duplicate_key_across_connections_keeps_one_row
tests/operations/test_notification_webhook_email.py::test_webhook_signature_round_trip
tests/operations/test_notification_webhook_email.py::test_permanent_400_is_not_retried_and_500_429_are_bounded
tests/operations/test_notification_webhook_email.py::test_ssrf_and_redirect_are_rejected
tests/operations/test_notification_webhook_email.py::test_permanent_400_and_retryable_500
tests/operations/test_notification_webhook_email.py::test_webhook_scope_and_replay_authorization
tests/operations/test_notification_webhook_email.py::test_notification_replay_keeps_tenant_and_environment
tests/operations/test_notification_webhook_email.py::test_sms_invalid_recipient_does_not_call_a_provider
tests/operations/test_notification_webhook_email.py::test_production_log_transport_is_refused
tests/operations/test_notification_webhook_email.py::test_email_record_stores_a_hash_not_the_address
tests/operations/test_notification_webhook_email.py::test_inbox_claim_conflict_and_sla
tests/operations/test_notification_webhook_email.py::test_plaintext_webhook_secret_is_refused_in_production
tests/organization/test_access_policy.py::test_role_matrix_uses_the_existing_permission_engine
tests/organization/test_access_policy.py::test_suspended_member_loses_writes_and_revoked_member_loses_access
tests/organization/test_access_policy.py::test_service_account_and_api_key_cannot_cross_scope
tests/organization/test_access_policy.py::test_sso_shaped_user_cannot_cross_organizations
tests/organization/test_access_policy.py::test_mfa_does_not_raise_a_viewer
tests/organization/test_access_policy.py::test_archived_environment_cannot_become_current
tests/organization/test_access_policy.py::test_suspended_organization_refuses_a_new_invitation
tests/organization/test_access_policy.py::test_child_policy_cannot_weaken_parent_and_quota_fails_safe
tests/organization/test_invitations.py::test_create_accept_revoke_resend_and_duplicate
tests/organization/test_invitations.py::test_expired_wrong_org_and_invalid_token_look_the_same
tests/organization/test_invitations.py::test_invitation_response_does_not_reveal_whether_the_email_exists
tests/organization/test_invitations.py::test_tenant_invitation_cannot_jump_organizations
tests/organization/test_membership.py::test_conceptual_roles_are_the_existing_enum
tests/organization/test_membership.py::test_insert_hook_creates_one_membership_per_user
tests/organization/test_membership.py::test_owner_can_update_and_suspend_and_last_owner_is_protected
tests/organization/test_membership.py::test_viewer_cannot_invite_and_member_cannot_self_promote
tests/organization/test_membership.py::test_cross_organization_membership_is_not_found
tests/organization/test_membership.py::test_revoked_membership_is_rejected_by_existing_tenant_api
tests/organization/test_membership.py::test_membership_backfill_is_empty_safe_and_idempotent
tests/organization/test_organization_models.py::test_an_empty_database_has_no_synthetic_organization
tests/organization/test_organization_models.py::test_a_legacy_insert_gets_its_own_organization_and_production
tests/organization/test_organization_models.py::test_two_tenants_are_not_folded_into_one_organization
tests/organization/test_organization_models.py::test_users_calls_and_billing_keep_their_tenant_id
tests/organization/test_organization_models.py::test_backfill_is_empty_safe_then_one_org_per_tenant_and_idempotent
tests/organization/test_organization_models.py::test_new_audit_actions_are_member_names
tests/organization/test_organization_routes.py::test_unauthenticated_and_malformed_requests_are_rejected
tests/organization/test_organization_routes.py::test_admin_can_rename_their_organization_and_a_viewer_cannot_suspend
tests/organization/test_organization_routes.py::test_create_organization_stays_platform_denied
tests/organization/test_organization_routes.py::test_cross_organization_access_matches_a_missing_row
tests/organization/test_organization_routes.py::test_login_token_has_no_organization_claim
tests/organization/test_organization_routes.py::test_a_machine_credential_cannot_read_another_organization
tests/organization/test_organization_service.py::test_create_update_and_slug_collision
tests/organization/test_organization_service.py::test_suspend_is_idempotent_and_does_not_delete_tenants
tests/organization/test_organization_service.py::test_deleted_is_terminal_and_blocks_new_tenants
tests/organization/test_organization_service.py::test_suspended_organization_rejects_a_new_tenant_and_keeps_the_old_one
tests/outbox/test_delivery.py::test_publish_and_duplicate
tests/outbox/test_delivery.py::test_payload_rejects_secret
tests/outbox/test_delivery.py::test_default_key_deterministic
tests/outbox/test_isolation.py::test_tenant_isolation_not_client_controlled
tests/outbox/test_isolation.py::test_payload_rejects_secrets
tests/outbox/test_isolation.py::test_payload_bounded
tests/providers/test_compatibility.py::test_deepgram_detection_requires_both_sdk_and_pipecat_contract
tests/providers/test_compatibility.py::test_websocket_header_keyword_tracks_callable_signature
tests/providers/test_compatibility.py::test_websocket_incompatible_surface_fails_closed
tests/providers/test_compatibility.py::test_sdk_import_failure_is_explicit_unavailable_not_success
tests/qa/test_auto_review.py::test_enqueue_is_idempotent_and_a_missing_executor_is_not_a_score
tests/qa/test_auto_review.py::test_suggestion_does_not_finalize_or_replace_a_human_score
tests/qa/test_auto_review.py::test_bad_evidence_and_auth_failures_are_permanent
tests/qa/test_auto_review.py::test_finalized_review_is_not_sent_back_to_the_model
tests/qa/test_calibration.py::test_completing_calibration_leaves_the_finalized_review_alone
tests/qa/test_call_outcomes.py::test_outcome_events_are_versioned_idempotent_and_evidence_linked
tests/qa/test_call_outcomes.py::test_idempotency_conflict_and_handoff_requires_connected_transfer
tests/qa/test_coaching.py::test_acknowledgement_is_the_agent_or_a_supervisor_and_does_not_change_employment
tests/qa/test_coaching.py::test_stale_acknowledgement_and_foreign_agent_are_rejected
tests/qa/test_compliance.py::test_rule_and_ai_findings_need_a_human_to_confirm
tests/qa/test_compliance.py::test_phrase_present_does_not_create_a_finding_and_duplicate_is_idempotent
tests/qa/test_concurrency.py::test_two_sessions_cannot_both_finalize_or_both_assign
tests/qa/test_concurrency.py::test_reopen_loses_to_a_finalize_that_already_committed
tests/qa/test_concurrency.py::test_sampling_and_auto_review_inserts_are_unique
tests/qa/test_concurrency.py::test_concurrent_coaching_acknowledgement_and_finalize
tests/qa/test_isolation.py::test_other_tenant_cannot_see_a_review_scorecard_or_export
tests/qa/test_isolation.py::test_client_tenant_id_cannot_create_a_review_in_another_tenant
tests/qa/test_isolation.py::test_revoked_environment_membership_cannot_assign
tests/qa/test_sampling.py::test_percentage_and_count_are_stable_and_idempotent
tests/qa/test_sampling.py::test_targeted_rules_use_stored_facts_not_guesses
tests/qa/test_sampling.py::test_foreign_call_is_not_found
tests/qa/test_scoring.py::test_same_inputs_always_produce_the_same_integers
tests/qa/test_scoring.py::test_na_is_excluded_and_a_missing_required_item_fails
tests/qa/test_scoring.py::test_non_integer_score_is_rejected
tests/qa/test_scoring.py::test_human_override_keeps_the_ai_value_and_records_the_actor
tests/qa/test_sentiment.py::test_labels_confidence_and_duplicate_scope
tests/qa/test_sentiment.py::test_turn_majority_beats_a_stored_conversation_label
tests/qa/test_sentiment.py::test_unknown_when_nothing_is_stored_and_foreign_call_is_missing
tests/resilience/test_idempotency.py::test_receipt_rejects_in_progress_retry_and_replays_success
tests/resilience/test_idempotency.py::test_reusing_key_with_different_request_is_a_conflict
tests/resilience/test_idempotency.py::test_receipts_are_scoped_to_tenant_environment_and_operation
tests/resilience/test_idempotency.py::test_environment_scope_must_belong_to_tenant
tests/resilience/test_idempotency.py::test_only_a_key_digest_is_stored
tests/review/test_review_service.py::test_create_filter_assign_start_approve_and_audit_evidence
tests/review/test_review_service.py::test_reject_request_changes_cancel_expire_and_stale_transition
tests/review/test_review_service.py::test_tenant_and_environment_boundaries_and_self_review_policy
tests/review/test_review_service.py::test_review_routes_use_existing_auth_and_permission_dependencies
tests/roi/test_roi_service.py::test_baseline_outcome_result_persistence_missing_costs_and_scope
tests/roi/test_roi_service.py::test_kpi_definition_and_measurement_are_data_quality_gated
tests/roi/test_roi_service.py::test_cost_capacity_and_kpi_pure_deterministic_unavailable_behavior
tests/security/test_audit_redaction.py::test_token_lifetime_metadata_remains_auditable_but_token_values_are_redacted
tests/security/test_audit_redaction.py::test_token_digest_and_credential_fields_stay_sensitive
tests/security/test_authorization_matrix.py::test_the_default_policy_changes_nothing_for_an_existing_tenant
tests/security/test_authorization_matrix.py::test_a_policy_that_requires_mfa_demands_it_for_everyone_including_owners
tests/security/test_authorization_matrix.py::test_admin_only_mfa_does_not_touch_agents
tests/security/test_authorization_matrix.py::test_a_per_user_value_wins_in_both_directions
tests/security/test_authorization_matrix.py::test_a_tenant_that_requires_sso_refuses_password_logins
tests/security/test_authorization_matrix.py::test_a_verified_domain_can_require_sso_and_an_unverified_one_cannot
tests/security/test_authorization_matrix.py::test_an_address_outside_the_allowed_domains_is_refused
tests/security/test_authorization_matrix.py::test_privileged_actions_need_fresh_proof
tests/security/test_authorization_matrix.py::test_a_tenant_that_requires_no_reauth_is_not_slowed_down
tests/security/test_authorization_matrix.py::test_a_machine_credential_is_never_privileged_enough_for_identity_settings
tests/security/test_authorization_matrix.py::test_scope_grants_never_exceed_the_creator
tests/security/test_authorization_matrix.py::test_an_unknown_scope_is_refused_rather_than_ignored
tests/security/test_authorization_matrix.py::test_api_credentials_can_be_switched_off_per_tenant
tests/security/test_authorization_matrix.py::test_a_disabled_sso_connection_cannot_be_used_even_when_the_tenant_allows_sso
tests/security/test_authorization_matrix.py::test_jit_requires_both_the_tenant_and_the_connection_to_allow_it
tests/security/test_authorization_matrix.py::test_an_anonymous_caller_gets_401_not_403[/api/identity/policy]
tests/security/test_authorization_matrix.py::test_an_anonymous_caller_gets_401_not_403[/api/identity/events]
tests/security/test_authorization_matrix.py::test_an_anonymous_caller_gets_401_not_403[/api/api-keys]
tests/security/test_authorization_matrix.py::test_an_anonymous_caller_gets_401_not_403[/api/service-accounts]
tests/security/test_authorization_matrix.py::test_an_anonymous_caller_gets_401_not_403[/api/domains]
tests/security/test_authorization_matrix.py::test_an_anonymous_caller_gets_401_not_403[/api/sso/connections]
tests/security/test_authorization_matrix.py::test_an_anonymous_caller_gets_401_not_403[/api/sso/attempts]
tests/security/test_authorization_matrix.py::test_an_anonymous_caller_gets_401_not_403[/api/scim/credentials]
tests/security/test_authorization_matrix.py::test_an_anonymous_caller_gets_401_not_403[/api/identity/status]
tests/security/test_authorization_matrix.py::test_an_anonymous_caller_gets_401_not_403[/api/mfa/status]
tests/security/test_authorization_matrix.py::test_an_anonymous_caller_gets_401_not_403[/api/sessions]
tests/security/test_authorization_matrix.py::test_an_anonymous_caller_cannot_write[PATCH-/api/identity/policy-body0]
tests/security/test_authorization_matrix.py::test_an_anonymous_caller_cannot_write[POST-/api/api-keys-body1]
tests/security/test_authorization_matrix.py::test_an_anonymous_caller_cannot_write[POST-/api/service-accounts-body2]
tests/security/test_authorization_matrix.py::test_an_anonymous_caller_cannot_write[POST-/api/domains-body3]
tests/security/test_authorization_matrix.py::test_an_anonymous_caller_cannot_write[POST-/api/sso/connections-body4]
tests/security/test_authorization_matrix.py::test_an_anonymous_caller_cannot_write[POST-/api/scim/credentials-body5]
tests/security/test_authorization_matrix.py::test_an_anonymous_caller_cannot_write[POST-/api/identity/reauth-body6]
tests/security/test_authorization_matrix.py::test_an_anonymous_caller_cannot_write[POST-/api/mfa/enroll-body7]
tests/security/test_authorization_matrix.py::test_an_anonymous_caller_cannot_write[POST-/api/mfa/challenge-body8]
tests/security/test_authorization_matrix.py::test_an_anonymous_caller_cannot_write[POST-/api/mfa/recovery-codes/regenerate-body9]
tests/security/test_authorization_matrix.py::test_an_anonymous_caller_cannot_write[POST-/api/sessions/revoke-others-body10]
tests/security/test_authorization_matrix.py::test_a_role_without_identity_read_gets_403[/api/identity/policy-viewer]
tests/security/test_authorization_matrix.py::test_a_role_without_identity_read_gets_403[/api/identity/policy-agent]
tests/security/test_authorization_matrix.py::test_a_role_without_identity_read_gets_403[/api/identity/policy-manager]
tests/security/test_authorization_matrix.py::test_a_role_without_identity_read_gets_403[/api/identity/events-viewer]
tests/security/test_authorization_matrix.py::test_a_role_without_identity_read_gets_403[/api/identity/events-agent]
tests/security/test_authorization_matrix.py::test_a_role_without_identity_read_gets_403[/api/identity/events-manager]
tests/security/test_authorization_matrix.py::test_a_role_without_identity_read_gets_403[/api/api-keys-viewer]
tests/security/test_authorization_matrix.py::test_a_role_without_identity_read_gets_403[/api/api-keys-agent]
tests/security/test_authorization_matrix.py::test_a_role_without_identity_read_gets_403[/api/api-keys-manager]
tests/security/test_authorization_matrix.py::test_a_role_without_identity_read_gets_403[/api/service-accounts-viewer]
tests/security/test_authorization_matrix.py::test_a_role_without_identity_read_gets_403[/api/service-accounts-agent]
tests/security/test_authorization_matrix.py::test_a_role_without_identity_read_gets_403[/api/service-accounts-manager]
tests/security/test_authorization_matrix.py::test_a_role_without_identity_read_gets_403[/api/domains-viewer]
tests/security/test_authorization_matrix.py::test_a_role_without_identity_read_gets_403[/api/domains-agent]
tests/security/test_authorization_matrix.py::test_a_role_without_identity_read_gets_403[/api/domains-manager]
tests/security/test_authorization_matrix.py::test_a_role_without_identity_read_gets_403[/api/sso/connections-viewer]
tests/security/test_authorization_matrix.py::test_a_role_without_identity_read_gets_403[/api/sso/connections-agent]
tests/security/test_authorization_matrix.py::test_a_role_without_identity_read_gets_403[/api/sso/connections-manager]
tests/security/test_authorization_matrix.py::test_a_role_without_identity_read_gets_403[/api/sso/attempts-viewer]
tests/security/test_authorization_matrix.py::test_a_role_without_identity_read_gets_403[/api/sso/attempts-agent]
tests/security/test_authorization_matrix.py::test_a_role_without_identity_read_gets_403[/api/sso/attempts-manager]
tests/security/test_authorization_matrix.py::test_a_role_without_identity_read_gets_403[/api/scim/credentials-viewer]
tests/security/test_authorization_matrix.py::test_a_role_without_identity_read_gets_403[/api/scim/credentials-agent]
tests/security/test_authorization_matrix.py::test_a_role_without_identity_read_gets_403[/api/scim/credentials-manager]
tests/security/test_authorization_matrix.py::test_a_role_without_identity_write_gets_403[PATCH-/api/identity/policy-body0-viewer]
tests/security/test_authorization_matrix.py::test_a_role_without_identity_write_gets_403[PATCH-/api/identity/policy-body0-agent]
tests/security/test_authorization_matrix.py::test_a_role_without_identity_write_gets_403[PATCH-/api/identity/policy-body0-manager]
tests/security/test_authorization_matrix.py::test_a_role_without_identity_write_gets_403[POST-/api/api-keys-body1-viewer]
tests/security/test_authorization_matrix.py::test_a_role_without_identity_write_gets_403[POST-/api/api-keys-body1-agent]
tests/security/test_authorization_matrix.py::test_a_role_without_identity_write_gets_403[POST-/api/api-keys-body1-manager]
tests/security/test_authorization_matrix.py::test_a_role_without_identity_write_gets_403[POST-/api/service-accounts-body2-viewer]
tests/security/test_authorization_matrix.py::test_a_role_without_identity_write_gets_403[POST-/api/service-accounts-body2-agent]
tests/security/test_authorization_matrix.py::test_a_role_without_identity_write_gets_403[POST-/api/service-accounts-body2-manager]
tests/security/test_authorization_matrix.py::test_a_role_without_identity_write_gets_403[POST-/api/domains-body3-viewer]
tests/security/test_authorization_matrix.py::test_a_role_without_identity_write_gets_403[POST-/api/domains-body3-agent]
tests/security/test_authorization_matrix.py::test_a_role_without_identity_write_gets_403[POST-/api/domains-body3-manager]
tests/security/test_authorization_matrix.py::test_a_role_without_identity_write_gets_403[POST-/api/sso/connections-body4-viewer]
tests/security/test_authorization_matrix.py::test_a_role_without_identity_write_gets_403[POST-/api/sso/connections-body4-agent]
tests/security/test_authorization_matrix.py::test_a_role_without_identity_write_gets_403[POST-/api/sso/connections-body4-manager]
tests/security/test_authorization_matrix.py::test_a_role_without_identity_write_gets_403[POST-/api/scim/credentials-body5-viewer]
tests/security/test_authorization_matrix.py::test_a_role_without_identity_write_gets_403[POST-/api/scim/credentials-body5-agent]
tests/security/test_authorization_matrix.py::test_a_role_without_identity_write_gets_403[POST-/api/scim/credentials-body5-manager]
tests/security/test_authorization_matrix.py::test_every_human_role_may_read_their_own_account_state[/api/identity/status-viewer]
tests/security/test_authorization_matrix.py::test_every_human_role_may_read_their_own_account_state[/api/identity/status-agent]
tests/security/test_authorization_matrix.py::test_every_human_role_may_read_their_own_account_state[/api/identity/status-manager]
tests/security/test_authorization_matrix.py::test_every_human_role_may_read_their_own_account_state[/api/mfa/status-viewer]
tests/security/test_authorization_matrix.py::test_every_human_role_may_read_their_own_account_state[/api/mfa/status-agent]
tests/security/test_authorization_matrix.py::test_every_human_role_may_read_their_own_account_state[/api/mfa/status-manager]
tests/security/test_authorization_matrix.py::test_every_human_role_may_read_their_own_account_state[/api/sessions-viewer]
tests/security/test_authorization_matrix.py::test_every_human_role_may_read_their_own_account_state[/api/sessions-agent]
tests/security/test_authorization_matrix.py::test_every_human_role_may_read_their_own_account_state[/api/sessions-manager]
tests/security/test_authorization_matrix.py::test_an_owner_can_read_every_identity_view[/api/identity/policy]
tests/security/test_authorization_matrix.py::test_an_owner_can_read_every_identity_view[/api/identity/events]
tests/security/test_authorization_matrix.py::test_an_owner_can_read_every_identity_view[/api/api-keys]
tests/security/test_authorization_matrix.py::test_an_owner_can_read_every_identity_view[/api/service-accounts]
tests/security/test_authorization_matrix.py::test_an_owner_can_read_every_identity_view[/api/domains]
tests/security/test_authorization_matrix.py::test_an_owner_can_read_every_identity_view[/api/sso/connections]
tests/security/test_authorization_matrix.py::test_an_owner_can_read_every_identity_view[/api/sso/attempts]
tests/security/test_authorization_matrix.py::test_an_owner_can_read_every_identity_view[/api/scim/credentials]
tests/security/test_authorization_matrix.py::test_an_owner_can_read_every_identity_view[/api/identity/status]
tests/security/test_authorization_matrix.py::test_an_owner_can_read_every_identity_view[/api/mfa/status]
tests/security/test_authorization_matrix.py::test_an_owner_can_read_every_identity_view[/api/sessions]
tests/security/test_authorization_matrix.py::test_an_owner_reaches_the_handler_rather_than_being_refused[PATCH-/api/identity/policy-body0]
tests/security/test_authorization_matrix.py::test_an_owner_reaches_the_handler_rather_than_being_refused[POST-/api/api-keys-body1]
tests/security/test_authorization_matrix.py::test_an_owner_reaches_the_handler_rather_than_being_refused[POST-/api/service-accounts-body2]
tests/security/test_authorization_matrix.py::test_an_owner_reaches_the_handler_rather_than_being_refused[POST-/api/domains-body3]
tests/security/test_authorization_matrix.py::test_an_owner_reaches_the_handler_rather_than_being_refused[POST-/api/sso/connections-body4]
tests/security/test_authorization_matrix.py::test_an_owner_reaches_the_handler_rather_than_being_refused[POST-/api/scim/credentials-body5]
tests/security/test_authorization_matrix.py::test_an_owner_reaches_the_handler_rather_than_being_refused[POST-/api/identity/reauth-body6]
tests/security/test_authorization_matrix.py::test_an_owner_reaches_the_handler_rather_than_being_refused[POST-/api/mfa/enroll-body7]
tests/security/test_authorization_matrix.py::test_an_owner_reaches_the_handler_rather_than_being_refused[POST-/api/mfa/challenge-body8]
tests/security/test_authorization_matrix.py::test_an_owner_reaches_the_handler_rather_than_being_refused[POST-/api/mfa/recovery-codes/regenerate-body9]
tests/security/test_authorization_matrix.py::test_an_owner_reaches_the_handler_rather_than_being_refused[POST-/api/sessions/revoke-others-body10]
tests/security/test_authorization_matrix.py::test_resetting_another_users_second_factor_needs_a_fresh_proof
tests/security/test_authorization_matrix.py::test_lifting_an_emergency_stop_is_owner_only
tests/security/test_authorization_matrix.py::test_a_machine_credential_cannot_reach_tenant_identity_settings
tests/security/test_authorization_matrix.py::test_every_authenticated_identity_route_is_free_of_5xx
tests/security/test_authorization_matrix.py::test_a_second_tenant_cannot_see_a_first_tenants_identity_settings
tests/security/test_conductor_security.py::test_conductor_cross_tenant_isolation_and_context_scope
tests/security/test_conductor_security.py::test_conductor_rejects_forbidden_paths_secrets_and_unapproved_apply
tests/security/test_contact_center_isolation.py::test_other_tenant_cannot_read_queue_or_decision
tests/security/test_contact_center_isolation.py::test_body_tenant_id_does_not_enqueue_into_another_tenant
tests/security/test_contact_center_isolation.py::test_call_in_another_environment_is_rejected
tests/security/test_contact_center_isolation.py::test_revoked_environment_membership_is_not_offered_work
tests/security/test_contact_center_isolation.py::test_expired_token_cannot_read_queues
tests/security/test_contact_center_isolation.py::test_disabled_user_is_rejected
tests/security/test_identity_enterprise.py::test_tenant_a_cannot_read_or_change_tenant_b_sso
tests/security/test_identity_enterprise.py::test_tenant_a_scim_credential_cannot_provision_or_deactivate_tenant_b
tests/security/test_identity_enterprise.py::test_tenant_a_api_key_and_service_account_cannot_reach_tenant_b
tests/security/test_identity_enterprise.py::test_tenant_a_domain_cannot_be_attached_to_tenant_b
tests/security/test_identity_enterprise.py::test_tenant_a_sso_callback_cannot_authenticate_tenant_b
tests/security/test_identity_enterprise.py::test_tenant_a_mfa_code_cannot_satisfy_tenant_b
tests/security/test_identity_enterprise.py::test_tenant_a_session_cannot_manage_tenant_b
tests/security/test_identity_enterprise.py::test_unmapped_external_admin_claims_do_not_grant_privilege
tests/security/test_identity_enterprise.py::test_scim_cannot_set_a_privileged_role_directly
tests/security/test_identity_enterprise.py::test_api_key_cannot_widen_its_own_scope_and_dead_keys_fail
tests/security/test_identity_enterprise.py::test_disabled_service_account_and_unverified_domain_are_refused
tests/security/test_identity_enterprise.py::test_secrets_are_scrubbed_from_audit_and_logs
tests/security/test_identity_enterprise.py::test_duplicate_scim_create_does_not_make_two_users
tests/security/test_identity_tenant_isolation.py::test_unlink_does_not_cross_a_tenant_boundary
tests/security/test_mfa_secrets.py::test_the_seed_is_sealed_for_one_tenant_and_one_purpose
tests/security/test_mfa_secrets.py::test_the_same_plaintext_seals_to_two_different_envelopes
tests/security/test_mfa_secrets.py::test_nothing_recoverable_sits_in_any_identity_column
tests/security/test_mfa_secrets.py::test_recovery_codes_are_digests_and_challenge_tokens_are_hashed
tests/security/test_mfa_secrets.py::test_sealing_fails_closed_when_no_key_ring_is_configured
tests/security/test_mfa_secrets.py::test_enrollment_refuses_rather_than_storing_a_plaintext_seed
tests/security/test_mfa_secrets.py::test_secret_comparison_is_constant_time
tests/security/test_mfa_secrets.py::test_a_stale_totp_clock_step_cannot_be_answered_twice
tests/security/test_mfa_secrets.py::test_a_tampered_envelope_is_refused_rather_than_decrypted
tests/security/test_mfa_secrets.py::test_an_empty_secret_is_refused
tests/security/test_public_key_permissions.py::test_public_key_lifecycle_hashed_storage_and_origin_enforcement
tests/security/test_public_key_permissions.py::test_expired_public_key_and_forbidden_capabilities_and_cross_tenant_isolation
tests/security/test_session_invalidation.py::test_logging_out_one_device_leaves_the_other_signed_in
tests/security/test_session_invalidation.py::test_replaying_a_spent_refresh_token_ends_every_session
tests/security/test_session_invalidation.py::test_logging_out_everywhere_ends_every_session_and_its_access_tokens
tests/security/test_session_invalidation.py::test_refresh_tokens_do_not_outlive_the_session_they_were_minted_for
tests/security/test_session_invalidation.py::test_revoking_another_users_session_is_not_possible
tests/security/test_session_invalidation.py::test_a_session_id_from_another_tenant_is_not_addressable
tests/security/test_session_invalidation.py::test_sign_out_other_devices_keeps_only_the_caller
tests/security/test_session_invalidation.py::test_renaming_a_session_is_scoped_to_the_owner
tests/security/test_session_invalidation.py::test_a_completed_password_reset_ends_every_session
tests/security/test_session_invalidation.py::test_a_second_reset_with_the_same_token_is_refused
tests/security/test_session_invalidation.py::test_disabling_a_factor_ends_every_other_session
tests/security/test_session_invalidation.py::test_an_admin_reset_of_someone_elses_factor_ends_all_their_sessions
tests/security/test_session_invalidation.py::test_an_idle_session_is_no_longer_usable
tests/security/test_session_invalidation.py::test_an_expired_session_is_no_longer_usable
tests/security/test_session_invalidation.py::test_a_new_address_with_a_live_session_raises_a_security_event
tests/security/test_session_invalidation.py::test_an_ended_session_disappears_from_the_session_list
tests/security/test_session_invalidation.py::test_the_password_reset_request_never_reveals_whether_an_account_exists
tests/security/test_session_invalidation.py::test_step_up_with_a_challenge_verifies_the_calling_session
tests/security/test_session_invalidation.py::test_step_up_refuses_a_wrong_code_without_verifying_the_session
tests/security/test_session_invalidation.py::test_a_login_challenge_cannot_be_spent_as_a_step_up
tests/security/test_session_invalidation.py::test_a_challenge_from_another_session_cannot_be_spent
tests/security/test_sso.py::test_discovery_must_name_the_configured_issuer
tests/security/test_sso.py::test_discovery_refuses_an_insecure_endpoint
tests/security/test_sso.py::test_discovery_refuses_a_document_without_a_key_set
tests/security/test_sso.py::test_discovery_is_cached_and_can_be_forced
tests/security/test_sso.py::test_the_https_posture_rule[https://idp.example.com/jwks-True]
tests/security/test_sso.py::test_the_https_posture_rule[http://idp.example.com/jwks-False]
tests/security/test_sso.py::test_the_https_posture_rule[-False]
tests/security/test_sso.py::test_the_https_posture_rule[javascript:alert(1)-False]
tests/security/test_sso.py::test_the_https_posture_rule[https://user:secret@idp.example.com/jwks-True]
tests/security/test_sso.py::test_a_correctly_signed_id_token_is_accepted
tests/security/test_sso.py::test_a_token_from_another_issuer_is_refused
tests/security/test_sso.py::test_a_token_for_another_client_is_refused
tests/security/test_sso.py::test_an_expired_id_token_is_refused
tests/security/test_sso.py::test_a_token_inside_the_clock_skew_is_still_accepted
tests/security/test_sso.py::test_a_token_from_another_sign_in_attempt_is_refused
tests/security/test_sso.py::test_a_token_without_a_nonce_is_refused
tests/security/test_sso.py::test_an_unsigned_token_is_refused
tests/security/test_sso.py::test_a_symmetric_token_is_refused
tests/security/test_sso.py::test_a_token_signed_by_an_unknown_key_is_refused
tests/security/test_sso.py::test_a_rotated_key_is_picked_up_without_a_restart
tests/security/test_sso.py::test_a_multi_audience_token_needs_a_matching_authorized_party
tests/security/test_sso.py::test_a_provider_that_does_not_offer_the_algorithm_is_refused
tests/security/test_sso.py::test_a_correctly_signed_assertion_is_accepted
tests/security/test_sso.py::test_multiple_group_values_are_reported_as_a_list
tests/security/test_sso.py::test_a_tampered_assertion_is_refused
tests/security/test_sso.py::test_an_unsigned_assertion_is_refused_even_inside_a_signed_response
tests/security/test_sso.py::test_an_assertion_signed_by_an_untrusted_certificate_is_refused
tests/security/test_sso.py::test_a_response_with_two_assertions_is_refused
tests/security/test_sso.py::test_a_signature_that_covers_a_different_element_is_refused
tests/security/test_sso.py::test_a_signature_with_two_references_is_refused
tests/security/test_sso.py::test_an_unsupported_digest_algorithm_is_refused
tests/security/test_sso.py::test_a_non_success_status_is_refused
tests/security/test_sso.py::test_an_assertion_answering_another_request_is_refused
tests/security/test_sso.py::test_an_assertion_for_another_service_provider_is_refused
tests/security/test_sso.py::test_an_assertion_without_an_audience_restriction_is_refused
tests/security/test_sso.py::test_an_assertion_sent_to_another_recipient_is_refused
tests/security/test_sso.py::test_an_assertion_addressed_elsewhere_is_refused
tests/security/test_sso.py::test_an_assertion_from_another_entity_is_refused
tests/security/test_sso.py::test_an_expired_assertion_is_refused
tests/security/test_sso.py::test_an_assertion_whose_subject_confirmation_expired_is_refused
tests/security/test_sso.py::test_an_assertion_from_the_future_is_refused
tests/security/test_sso.py::test_an_assertion_without_an_expiry_is_refused
tests/security/test_sso.py::test_a_connection_without_a_certificate_cannot_verify_anything
tests/security/test_sso.py::test_a_certificate_that_cannot_be_decrypted_is_ignored
tests/security/test_sso.py::test_certificate_parsing_accepts_pem_and_a_pasted_base64_body
tests/security/test_sso.py::test_unusable_certificate_material_is_refused[]
tests/security/test_sso.py::test_unusable_certificate_material_is_refused[not base64 !!]
tests/security/test_sso.py::test_unusable_certificate_material_is_refused[-----BEGIN CERTIFICATE-----\nnope\n]
tests/security/test_sso.py::test_sp_metadata_declares_the_acs_without_advertising_an_unused_key
tests/security/test_sso.py::test_an_authn_request_is_unique_and_carries_the_acs
tests/security/test_sso.py::test_an_xml_document_type_declaration_is_refused_before_parsing
tests/security/test_telephony_media_isolation.py::test_tenant_a_cannot_touch_tenant_b_media
tests/security/test_tenant_isolation_enterprise.py::test_flag_precedence_and_locked_bypass
tests/security/test_tenant_isolation_enterprise.py::test_cross_tenant_reads_and_flag_writes_are_not_found
tests/security/test_tenant_isolation_enterprise.py::test_settings_omit_secrets_and_overrides_are_refused
tests/specialized_agents/test_anomaly.py::test_normal_baseline_and_strong_z_score_deviation
tests/specialized_agents/test_anomaly.py::test_mad_and_rolling_detectors_are_reproducible
tests/specialized_agents/test_anomaly.py::test_insufficient_data_and_validation_fail_closed
tests/specialized_agents/test_executor.py::test_valid_execution_creates_policy_lineage_evidence_and_is_idempotent
tests/specialized_agents/test_executor.py::test_governance_denial_and_unapproved_model_fail_closed
tests/specialized_agents/test_executor.py::test_review_required_is_a_real_terminal_state_and_scope_isolated
tests/specialized_agents/test_legal.py::test_clause_detection_preserves_location_and_multiple_findings
tests/specialized_agents/test_legal.py::test_low_confidence_sets_review_required_and_no_fabricated_citation
tests/specialized_agents/test_legal.py::test_chunk_fingerprint_mismatch_is_rejected
tests/specialized_agents/test_persistence.py::test_execution_lookup_child_persistence_review_attachment_and_isolation
tests/specialized_agents/test_persistence.py::test_forecast_api_reuses_analytics_and_discloses_unavailable_intervals
tests/specialized_agents/test_translation.py::test_translation_uses_language_and_glossary_version_and_preserves_terms
tests/specialized_agents/test_translation.py::test_translation_quality_flags_numbers_urls_placeholders_and_review
tests/specialized_agents/test_translation.py::test_language_validation_rejects_same_language_and_untranslated_output
tests/telephony/test_callback_reconciliation.py::test_duplicate_and_out_of_order_do_not_double_apply
tests/telephony/test_callback_reconciliation.py::test_missing_local_record_is_unmatched
tests/telephony/test_callback_reconciliation.py::test_stale_snapshot_does_not_overwrite_a_newer_terminal_call
tests/telephony/test_callback_reconciliation.py::test_dlq_retry_exhaustion_and_replay
tests/telephony/test_callback_reconciliation.py::test_permanent_error_dead_letters_without_five_retries
tests/telephony/test_callback_reconciliation.py::test_scrub_drops_secrets
tests/telephony/test_lead_lifecycle_callbacks.py::test_completed_high_score_qualifies_with_history
tests/telephony/test_lead_lifecycle_callbacks.py::test_completed_low_score_marks_called
tests/telephony/test_lead_lifecycle_callbacks.py::test_short_completed_call_does_not_grade
tests/telephony/test_lead_lifecycle_callbacks.py::test_failed_at_attempt_cap_marks_failed
tests/telephony/test_lead_lifecycle_callbacks.py::test_no_answer_under_the_cap_leaves_the_lead_alone
tests/telephony/test_lead_lifecycle_callbacks.py::test_repeated_callback_never_double_grades
tests/telephony/test_lead_lifecycle_callbacks.py::test_cross_environment_lead_is_never_graded
tests/telephony/test_lead_lifecycle_callbacks.py::test_dnc_lead_is_never_touched_or_reversed
tests/telephony/test_number_provisioning.py::test_purchase_requires_billing_and_then_assigns_once
tests/telephony/test_number_provisioning.py::test_provider_failure_releases_the_reservation
tests/telephony/test_number_provisioning.py::test_cross_tenant_assign_and_release_are_not_found
tests/telephony/test_number_provisioning.py::test_release_calls_provider_once_and_is_idempotent
tests/telephony/test_number_provisioning.py::test_stale_provider_snapshot_does_not_revive_a_release
tests/telephony/test_number_provisioning.py::test_http_inventory_is_tenant_scoped
tests/telephony/test_outbound_environment_scope.py::test_selection_is_restricted_to_the_campaign_environment
tests/telephony/test_outbound_environment_scope.py::test_staging_campaign_selects_only_staging_leads
tests/telephony/test_outbound_environment_scope.py::test_dnc_and_attempt_cap_still_exclude_leads
tests/telephony/test_outbound_environment_scope.py::test_same_environment_pair_dials
tests/telephony/test_outbound_environment_scope.py::test_cross_environment_lead_is_refused_even_when_directly_handed
tests/telephony/test_outbound_environment_scope.py::test_cross_environment_campaign_is_refused
tests/telephony/test_outbound_environment_scope.py::test_foreign_tenant_lead_is_refused
tests/telephony/test_outbound_environment_scope.py::test_dnc_lead_is_refused_inside_the_same_environment
tests/telephony/test_outbound_environment_scope.py::test_parallel_ticks_claim_each_lead_once
tests/telephony/test_provider_contract.py::test_each_adapter_rejects_missing_credentials
tests/telephony/test_provider_contract.py::test_unknown_provider_and_secret_are_not_returned
tests/telephony/test_provider_contract.py::test_disabled_provider_is_rejected
tests/telephony/test_provider_contract.py::test_telnyx_maps_http_errors
tests/telephony/test_provider_contract.py::test_telnyx_does_not_invent_a_call_or_whatsapp
tests/telephony/test_provider_contract.py::test_telnyx_search_uses_only_returned_features
tests/telephony/test_provider_contract.py::test_vonage_voice_and_recording_fail_clearly
tests/telephony/test_provider_contract.py::test_vonage_number_search_parses_features_and_hides_secret
tests/telephony/test_provider_contract.py::test_twilio_webhook_fail_closed_and_other_providers_reject
tests/telephony/test_provider_contract.py::test_vonage_jwt_accepts_only_a_fresh_signature
tests/telephony/test_provider_contract.py::test_twilio_capabilities_follow_configuration
tests/telephony/test_qos.py::test_valid_metrics_and_missing_metric
tests/telephony/test_qos.py::test_negative_and_unit_and_mos_are_rejected
tests/telephony/test_qos.py::test_aggregation_is_tenant_scoped
tests/telephony/test_recording.py::test_state_machine_and_duplicate_do_not_regress
tests/telephony/test_recording.py::test_consent_and_policy_block_capture
tests/telephony/test_recording.py::test_access_is_permissioned_audited_and_expires
tests/telephony/test_recording.py::test_other_tenant_cannot_change_policy
tests/telephony/test_recording.py::test_missing_provider_id_and_callback_duplicate
tests/telephony/test_recording.py::test_retention_deletes_recording_unless_held
tests/tenancy/test_environment_lifecycle.py::test_suspend_archive_and_production_lock
tests/tenancy/test_environment_lifecycle.py::test_promotion_plan_does_not_copy_or_deploy
tests/tenancy/test_environment_lifecycle.py::test_cross_tenant_environment_is_not_found
tests/tenancy/test_environment_lifecycle.py::test_suspended_tenant_cannot_create_environment
tests/tenancy/test_residency.py::test_supported_label_is_not_a_physical_guarantee
tests/tenancy/test_residency.py::test_unsupported_restricted_and_invalid_labels
tests/tenancy/test_residency.py::test_http_rejects_unsupported_and_unauthorized
tests/tenancy/test_residency.py::test_foreign_region_change_and_placement
tests/tenancy/test_tenant_hierarchy.py::test_hierarchy_is_server_derived
tests/tenancy/test_tenant_hierarchy.py::test_a_foreign_environment_id_is_not_found
tests/tenancy/test_tenant_hierarchy.py::test_profile_update_ignores_client_hierarchy_ids
tests/tenancy/test_tenant_hierarchy.py::test_http_lists_only_the_member_tenant_even_when_the_org_has_two
tests/tenancy/test_tenant_hierarchy.py::test_staging_can_be_added_production_cannot_be_duplicated_or_archived
tests/tenancy/test_tenant_hierarchy.py::test_deployment_metadata_is_recorded_and_not_executed
tests/tenancy/test_tenant_isolation.py::test_tenant_a_cannot_read_tenant_b
tests/tenancy/test_tenant_isolation.py::test_environment_ids_do_not_cross_tenants
tests/tenancy/test_tenant_isolation.py::test_machine_credentials_stay_inside_the_issuing_tenant
tests/tenancy/test_tenant_isolation.py::test_organization_tenant_list_does_not_leak_the_other_organization
tests/tenancy/test_tenant_lifecycle.py::test_suspend_is_idempotent_and_login_still_works
tests/tenancy/test_tenant_lifecycle.py::test_read_only_blocks_writes_and_deleted_is_terminal
tests/tenancy/test_tenant_lifecycle.py::test_unknown_status_and_viewer_are_rejected
tests/tenancy/test_tenant_lifecycle.py::test_cross_tenant_lifecycle_is_not_found
tests/tenancy/test_tenant_lifecycle.py::test_deleted_tenant_row_remains
tests/tenancy/test_tenant_quotas.py::test_negative_unknown_and_hard_limit
tests/tenancy/test_tenant_quotas.py::test_foreign_tenant_usage_is_not_found
tests/tenancy/test_tenant_quotas.py::test_compare_and_reserve_allows_one_winner
tests/test_ab_testing_routes.py::test_experiment_weights_and_control_variant_are_validated
tests/test_ab_testing_routes.py::test_experiment_status_cannot_be_marked_running_by_metadata_patch
tests/test_ab_testing_routes.py::test_unintegrated_ab_testing_actions_fail_closed_without_mutation
tests/test_ab_testing_routes.py::test_experiment_create_list_and_read_use_persisted_tenant_scope
tests/test_agent_catalog_routes.py::test_voices_route_is_not_swallowed_by_agent_id_catchall
tests/test_agent_catalog_routes.py::test_voices_requires_authentication
tests/test_agent_catalog_routes.py::test_voices_covers_every_domain_allowed_provider
tests/test_agent_catalog_routes.py::test_voices_never_claims_reachability
tests/test_agent_catalog_routes.py::test_voices_selectable_equals_configured_and_installed_and_contract
tests/test_agent_catalog_routes.py::test_voices_imports_no_provider_sdk
tests/test_agent_catalog_routes.py::test_distribution_state_matches_the_catalog
tests/test_agent_catalog_routes.py::test_voice_library_is_not_fabricated
tests/test_agent_catalog_routes.py::test_voices_leaks_no_credentials
tests/test_agent_catalog_routes.py::test_models_route_is_not_swallowed_by_agent_id_catchall
tests/test_agent_catalog_routes.py::test_models_requires_authentication
tests/test_agent_catalog_routes.py::test_models_covers_every_domain_allowed_provider
tests/test_agent_catalog_routes.py::test_models_imports_no_provider_sdk
tests/test_agent_catalog_routes.py::test_model_presets_selectable_equals_configured_and_installed
tests/test_agent_catalog_routes.py::test_model_names_come_from_runtime_presets
tests/test_agent_catalog_routes.py::test_default_provider_is_derived_not_hardcoded
tests/test_agent_catalog_routes.py::test_models_leaks_no_credentials
tests/test_agent_catalog_routes.py::test_tool_catalog_matches_runtime_contracts
tests/test_agent_catalog_routes.py::test_tool_catalog_reports_dispatchable_count
tests/test_agent_catalog_routes.py::test_tool_catalog_requires_tool_calling
tests/test_agent_catalog_routes.py::test_tool_catalog_requires_authentication
tests/test_agent_catalog_routes.py::test_catalog_is_identical_across_tenants
tests/test_agent_config.py::TestAgentDomainValidation::test_valid_config_has_no_problems
tests/test_agent_config.py::TestAgentDomainValidation::test_rejects_bad_voice_bounds
tests/test_agent_config.py::TestAgentDomainValidation::test_rejects_invalid_bcp47_and_handoff_phone
tests/test_agent_config.py::TestAgentDomainValidation::test_rejects_secret_like_metadata_keys
tests/test_agent_config.py::TestAgentDomainValidation::test_lifecycle_transitions
tests/test_agent_config.py::TestAgentDomainValidation::test_snapshot_roundtrip_preserves_fields
tests/test_agent_config.py::TestAgentServiceLifecycle::test_publish_rollback_and_retire_in_database
tests/test_agent_config.py::TestAgentServiceLifecycle::test_optimistic_concurrency_conflict_on_stale_etag
tests/test_agent_config.py::TestAgentServiceLifecycle::test_from_tenant_and_projection_have_no_secret_fields
tests/test_analytics.py::TestPercentageHelper::test_percentages_are_0_to_100[2-10-20.0]
tests/test_analytics.py::TestPercentageHelper::test_percentages_are_0_to_100[1-3-33.3]
tests/test_analytics.py::TestPercentageHelper::test_percentages_are_0_to_100[10-10-100.0]
tests/test_analytics.py::TestPercentageHelper::test_percentages_are_0_to_100[0-10-0.0]
tests/test_analytics.py::TestPercentageHelper::test_percentages_are_0_to_100[5-0-0.0]
tests/test_analytics.py::TestPercentageHelper::test_percentages_are_0_to_100[0-0-0.0]
tests/test_analytics.py::TestPercentageHelper::test_it_is_not_a_fraction_and_not_basis_points
tests/test_analytics.py::TestFormulas::test_booking_rate_excludes_calls_that_could_never_book
tests/test_analytics.py::TestFormulas::test_answer_transfer_and_failure_rates
tests/test_analytics.py::TestFormulas::test_every_rate_is_zero_with_no_data
tests/test_analytics.py::TestFormulas::test_average_duration_uses_answered_calls
tests/test_analytics.py::TestFormulas::test_the_eligibility_threshold_is_documented_and_shared
tests/test_analytics.py::TestOverview::test_call_counts
tests/test_analytics.py::TestOverview::test_lead_and_appointment_counts
tests/test_analytics.py::TestOverview::test_integration_failures_are_counts_not_error_text
tests/test_analytics.py::TestOverview::test_usage_is_present_for_a_billing_reader
tests/test_analytics.py::TestOverview::test_usage_is_absent_rather_than_zeroed_without_permission
tests/test_analytics.py::TestOverview::test_no_estimated_revenue_anywhere
tests/test_analytics.py::TestCallAnalytics::test_status_and_direction_breakdown
tests/test_analytics.py::TestCallAnalytics::test_the_daily_series_is_gap_filled
tests/test_analytics.py::TestCallAnalytics::test_the_series_buckets_by_local_day
tests/test_analytics.py::TestCallAnalytics::test_the_hourly_distribution_uses_local_hours
tests/test_analytics.py::TestConversion::test_the_funnel_stages
tests/test_analytics.py::TestConversion::test_every_funnel_stage_explains_itself
tests/test_analytics.py::TestConversion::test_a_rate_cannot_exceed_one_hundred
tests/test_analytics.py::TestDateWindows::test_every_preset_resolves[today]
tests/test_analytics.py::TestDateWindows::test_every_preset_resolves[yesterday]
tests/test_analytics.py::TestDateWindows::test_every_preset_resolves[last_7_days]
tests/test_analytics.py::TestDateWindows::test_every_preset_resolves[last_30_days]
tests/test_analytics.py::TestDateWindows::test_every_preset_resolves[this_month]
tests/test_analytics.py::TestDateWindows::test_every_preset_resolves[previous_month]
tests/test_analytics.py::TestDateWindows::test_an_unknown_preset_is_422_and_lists_the_valid_ones
tests/test_analytics.py::TestDateWindows::test_a_custom_range
tests/test_analytics.py::TestDateWindows::test_a_backwards_range_is_refused
tests/test_analytics.py::TestDateWindows::test_an_absurd_range_is_refused
tests/test_analytics.py::TestDateWindows::test_the_window_is_resolved_in_the_tenant_timezone
tests/test_analytics.py::TestDateWindows::test_the_window_is_half_open
tests/test_analytics.py::TestDateWindows::test_calls_outside_the_window_are_excluded
tests/test_analytics.py::TestAnalyticsSecurity::test_tenant_b_never_sees_tenant_a_numbers
tests/test_analytics.py::TestAnalyticsSecurity::test_a_tenant_id_query_parameter_is_ignored
tests/test_analytics.py::TestAnalyticsSecurity::test_unauthenticated_requests_are_rejected[/api/analytics/overview]
tests/test_analytics.py::TestAnalyticsSecurity::test_unauthenticated_requests_are_rejected[/api/analytics/calls]
tests/test_analytics.py::TestAnalyticsSecurity::test_unauthenticated_requests_are_rejected[/api/analytics/conversion]
tests/test_analytics.py::TestAnalyticsSecurity::test_unauthenticated_requests_are_rejected[/api/analytics/usage]
tests/test_analytics.py::TestAnalyticsSecurity::test_analytics_follows_the_existing_rbac_policy
tests/test_analytics.py::TestAnalyticsSecurity::test_usage_analytics_needs_billing_permission
tests/test_analytics.py::TestUsageAnalytics::test_it_reports_the_billing_period_not_a_date_range
tests/test_analytics.py::TestUsageAnalytics::test_it_reuses_the_billing_layer
tests/test_analytics.py::TestAggregationShape::test_the_overview_does_not_scale_its_query_count_with_rows
tests/test_analytics.py::TestAggregationShape::test_call_totals_are_one_query
tests/test_api_contract.py::test_registered_api_method_path_pairs_are_unique
tests/test_api_contract.py::test_no_route_returns_500_when_probed
tests/test_auth_login.py::test_hash_is_not_the_plaintext
tests/test_auth_login.py::test_same_password_hashes_differently_each_time
tests/test_auth_login.py::test_correct_password_verifies
tests/test_auth_login.py::test_incorrect_password_fails
tests/test_auth_login.py::test_verify_against_garbage_hash_returns_false_not_raise
tests/test_auth_login.py::test_policy_rejects_weak_passwords[short1!A-too short]
tests/test_auth_login.py::test_policy_rejects_weak_passwords[alllowercaseletters-too few classes]
tests/test_auth_login.py::test_policy_rejects_weak_passwords[password-common]
tests/test_auth_login.py::test_policy_rejects_expanded_breach_corpus_entries[Password123456]
tests/test_auth_login.py::test_policy_rejects_expanded_breach_corpus_entries[Administrator1]
tests/test_auth_login.py::test_policy_rejects_expanded_breach_corpus_entries[Qwertyuiop123]
tests/test_auth_login.py::test_policy_rejects_expanded_breach_corpus_entries[Welcome12345]
tests/test_auth_login.py::test_policy_rejects_password_containing_email_local_part
tests/test_auth_login.py::test_policy_accepts_a_strong_password
tests/test_auth_login.py::test_over_72_bytes_is_rejected_not_silently_truncated
tests/test_auth_login.py::test_needs_rehash_detects_lower_cost
tests/test_auth_login.py::test_access_token_round_trips
tests/test_auth_login.py::test_expired_token_is_rejected
tests/test_auth_login.py::test_token_signed_with_another_key_is_rejected
tests/test_auth_login.py::test_unsigned_alg_none_token_is_rejected
tests/test_auth_login.py::test_wrong_audience_is_rejected
tests/test_auth_login.py::test_garbage_string_is_rejected
tests/test_auth_login.py::test_valid_login_succeeds
tests/test_auth_login.py::test_login_sets_httponly_refresh_cookie
tests/test_auth_login.py::test_invalid_password_fails
tests/test_auth_login.py::test_inactive_user_cannot_login
tests/test_auth_login.py::test_unknown_and_wrong_password_are_indistinguishable
tests/test_auth_login.py::test_login_response_never_contains_password_hash
tests/test_auth_login.py::test_account_locks_after_repeated_failures
tests/test_auth_login.py::test_missing_token_is_rejected
tests/test_auth_login.py::test_malformed_authorization_header_is_rejected
tests/test_auth_login.py::test_me_returns_user_tenant_and_permissions
tests/test_auth_login.py::test_deactivating_a_user_invalidates_their_live_token
tests/test_auth_login.py::test_refresh_rotates_and_returns_a_new_access_token
tests/test_auth_login.py::test_reusing_an_old_refresh_token_is_detected_and_kills_the_chain
tests/test_auth_login.py::test_logout_revokes_the_refresh_token
tests/test_auth_login.py::test_login_success_and_failure_are_audited
tests/test_auth_login.py::test_audit_log_never_stores_the_password
tests/test_availability.py::test_offers_at_most_three_slots
tests/test_availability.py::test_busy_slots_are_excluded
tests/test_availability.py::test_morning_filter
tests/test_availability.py::test_double_booking_is_rejected
tests/test_availability.py::test_booking_creates_calendar_event
tests/test_availability.py::test_bad_date_does_not_crash
tests/test_availability.py::test_unknown_function_is_safe
tests/test_availability.py::test_prompt_enforces_short_answers
tests/test_availability.py::test_prompt_forbids_admitting_it_is_ai
tests/test_availability.py::test_prompt_demands_contractions
tests/test_availability.py::test_prompt_tuned_per_provider[openai]
tests/test_availability.py::test_prompt_tuned_per_provider[anthropic]
tests/test_availability.py::test_prompt_tuned_per_provider[google]
tests/test_backend_runtime_closure.py::test_application_routes_preserve_required_backend_surfaces
tests/test_backend_runtime_closure.py::test_dependency_health_module_imports_in_a_clean_process
tests/test_backend_runtime_closure.py::test_canonical_registry_bootstrap_and_persisted_job_context
tests/test_backend_runtime_closure.py::test_job_runtime_enforces_timeout_and_cleans_context
tests/test_backend_runtime_closure.py::test_provider_matrix_separates_config_install_capability_and_reachability
tests/test_backend_runtime_closure.py::test_configuration_validation_and_health_are_secret_safe
tests/test_backend_runtime_closure.py::test_dependency_health_does_not_import_optional_sdk_surfaces
tests/test_backend_runtime_closure.py::test_stt_missing_credentials_raise_typed_error_not_fake_transcript
tests/test_backend_runtime_closure.py::test_no_fake_deployment_verification_from_client_boolean
tests/test_backend_runtime_closure.py::test_dashboard_security_settings_is_wired_to_live_identity_apis
tests/test_billing_api.py::TestBillingRead::test_the_status_summary
tests/test_billing_api.py::TestBillingRead::test_the_plan_catalogue
tests/test_billing_api.py::TestBillingRead::test_the_catalogue_does_not_publish_price_ids
tests/test_billing_api.py::TestBillingRead::test_the_usage_endpoint
tests/test_billing_api.py::TestBillingRead::test_invoices_are_served_from_the_local_mirror
tests/test_billing_api.py::TestBillingWrite::test_checkout_takes_only_a_plan_code
tests/test_billing_api.py::TestBillingWrite::test_checkout_does_not_activate_a_subscription
tests/test_billing_api.py::TestBillingWrite::test_a_client_cannot_smuggle_a_price[payload0]
tests/test_billing_api.py::TestBillingWrite::test_a_client_cannot_smuggle_a_price[payload1]
tests/test_billing_api.py::TestBillingWrite::test_a_client_cannot_smuggle_a_price[payload2]
tests/test_billing_api.py::TestBillingWrite::test_a_client_cannot_smuggle_a_price[payload3]
tests/test_billing_api.py::TestBillingWrite::test_an_unknown_plan_is_404
tests/test_billing_api.py::TestBillingWrite::test_an_inactive_plan_is_404_like_a_missing_one
tests/test_billing_api.py::TestBillingWrite::test_a_provider_failure_is_a_502_not_a_hopeful_200
tests/test_billing_api.py::TestBillingWrite::test_changing_plan
tests/test_billing_api.py::TestBillingWrite::test_a_downgrade_shows_as_pending
tests/test_billing_api.py::TestBillingWrite::test_cancelling
tests/test_billing_api.py::TestBillingWrite::test_the_portal_needs_no_customer_id_from_the_caller
tests/test_billing_api.py::TestBillingPermissions::test_an_owner_can_read_and_write
tests/test_billing_api.py::TestBillingPermissions::test_an_admin_can_read_but_not_change_the_bill
tests/test_billing_api.py::TestBillingPermissions::test_other_roles_see_nothing
tests/test_billing_api.py::TestBillingPermissions::test_unauthenticated_requests_are_rejected
tests/test_billing_api.py::TestBillingPermissions::test_the_routes_use_the_permission_enum_not_role_strings
tests/test_billing_api.py::TestTenantIsolation::test_tenant_b_sees_only_their_own_billing
tests/test_billing_api.py::TestTenantIsolation::test_tenant_b_cannot_see_tenant_a_invoices
tests/test_billing_api.py::TestTenantIsolation::test_tenant_b_cannot_use_tenant_a_customer_id
tests/test_billing_api.py::TestTenantIsolation::test_a_tenant_id_in_the_body_is_ignored
tests/test_billing_api.py::TestTenantIsolation::test_usage_cannot_cross_tenants
tests/test_billing_api.py::TestTenantIsolation::test_a_subscription_id_belongs_to_exactly_one_tenant
tests/test_billing_api.py::TestSecretHandling::test_no_stripe_secret_reaches_any_response
tests/test_billing_api.py::TestSecretHandling::test_no_secret_reaches_the_audit_log
tests/test_billing_api.py::TestSecretHandling::test_no_secret_reaches_the_structured_log
tests/test_billing_api.py::TestSecretHandling::test_the_response_model_has_no_field_named_like_a_secret
tests/test_billing_api.py::TestSecretHandling::test_the_checkout_model_has_no_price_field
tests/test_billing_api.py::TestWebhookRoute::test_a_valid_signature_is_accepted
tests/test_billing_api.py::TestWebhookRoute::test_an_invalid_signature_is_a_400
tests/test_billing_api.py::TestWebhookRoute::test_a_missing_signature_is_rejected
tests/test_billing_api.py::TestWebhookRoute::test_an_unsigned_forged_event_cannot_activate_a_subscription
tests/test_billing_api.py::TestWebhookRoute::test_a_replayed_event_is_acknowledged_once
tests/test_billing_api.py::TestWebhookRoute::test_an_unknown_provider_looks_like_a_bad_signature
tests/test_billing_api.py::TestWebhookRoute::test_the_route_reads_the_raw_body
tests/test_billing_api.py::TestReconciliation::test_a_clean_tenant_reports_nothing
tests/test_billing_api.py::TestReconciliation::test_summary_drift_is_detected
tests/test_billing_api.py::TestReconciliation::test_drift_on_a_finalized_period_is_financial
tests/test_billing_api.py::TestReconciliation::test_negative_usage_is_flagged_as_financial
tests/test_billing_api.py::TestReconciliation::test_orphan_usage_is_flagged
tests/test_billing_api.py::TestReconciliation::test_cross_tenant_usage_is_flagged
tests/test_billing_api.py::TestReconciliation::test_rebuilding_repairs_drift_without_touching_events
tests/test_billing_api.py::TestReconciliation::test_the_worker_tick_runs_over_active_tenants
tests/test_billing_api.py::TestReconciliation::test_a_report_serializes_safely
tests/test_billing_metering.py::TestPeriodArithmetic::test_add_months_clamps_the_day[start0-2026-02-28]
tests/test_billing_metering.py::TestPeriodArithmetic::test_add_months_clamps_the_day[start1-2024-02-29]
tests/test_billing_metering.py::TestPeriodArithmetic::test_add_months_clamps_the_day[start2-2026-04-30]
tests/test_billing_metering.py::TestPeriodArithmetic::test_add_months_clamps_the_day[start3-2026-02-15]
tests/test_billing_metering.py::TestPeriodArithmetic::test_a_year_of_months_returns_to_the_same_day
tests/test_billing_metering.py::TestPeriodArithmetic::test_the_label_is_the_month_the_period_started
tests/test_billing_metering.py::TestPeriodArithmetic::test_a_period_is_half_open
tests/test_billing_metering.py::TestPeriodArithmetic::test_bounds_must_be_aware
tests/test_billing_metering.py::TestPeriodArithmetic::test_a_backwards_period_is_rejected
tests/test_billing_metering.py::TestPeriodArithmetic::test_previous_period_walks_back_one_month
tests/test_billing_metering.py::TestPeriodArithmetic::test_elapsed_fraction[moment0-0.0]
tests/test_billing_metering.py::TestPeriodArithmetic::test_elapsed_fraction[moment1-expected1]
tests/test_billing_metering.py::TestPeriodArithmetic::test_elapsed_fraction[moment2-1.0]
tests/test_billing_metering.py::TestSubscriptionPeriods::test_the_period_follows_the_subscription_not_the_calendar
tests/test_billing_metering.py::TestSubscriptionPeriods::test_a_tenant_with_no_subscription_falls_back_to_the_calendar
tests/test_billing_metering.py::TestSubscriptionPeriods::test_provider_bounds_win_when_they_contain_the_moment
tests/test_billing_metering.py::TestSubscriptionPeriods::test_a_stale_provider_period_is_walked_forward
tests/test_billing_metering.py::TestUsageRecording::test_a_usage_event_is_written
tests/test_billing_metering.py::TestUsageRecording::test_seconds_are_stored_not_minutes
tests/test_billing_metering.py::TestUsageRecording::test_zero_quantity_writes_nothing
tests/test_billing_metering.py::TestUsageRecording::test_negative_usage_is_refused_outside_an_adjustment
tests/test_billing_metering.py::TestUsageRecording::test_usage_is_summed_from_events
tests/test_billing_metering.py::TestUsageRecording::test_usage_is_scoped_to_its_period
tests/test_billing_metering.py::TestUsageRecording::test_usage_is_scoped_to_its_tenant
tests/test_billing_metering.py::TestIdempotency::test_the_key_is_derived_not_generated
tests/test_billing_metering.py::TestIdempotency::test_the_key_is_legible
tests/test_billing_metering.py::TestIdempotency::test_a_discriminator_separates_genuinely_distinct_facts
tests/test_billing_metering.py::TestIdempotency::test_the_same_key_twice_records_once
tests/test_billing_metering.py::TestIdempotency::test_ten_replays_record_once
tests/test_billing_metering.py::TestIdempotency::test_the_same_key_in_two_tenants_is_two_events
tests/test_billing_metering.py::TestIdempotency::test_the_database_constraint_is_the_real_guarantee
tests/test_billing_metering.py::TestConcurrentMetering::test_two_workers_recording_the_same_event_produce_one_row
tests/test_billing_metering.py::TestOverage::test_under_the_allowance_is_free
tests/test_billing_metering.py::TestOverage::test_exactly_the_allowance_is_free
tests/test_billing_metering.py::TestOverage::test_one_second_over_bills_one_minute
tests/test_billing_metering.py::TestOverage::test_the_documented_example
tests/test_billing_metering.py::TestOverage::test_rounding_happens_on_the_period_not_per_call
tests/test_billing_metering.py::TestOverage::test_discrete_metrics_are_not_rounded
tests/test_billing_metering.py::TestOverage::test_different_plans_charge_different_rates
tests/test_billing_metering.py::TestOverage::test_no_plan_means_no_charge
tests/test_billing_metering.py::TestOverage::test_millicents_express_sub_cent_rates
tests/test_billing_metering.py::TestBillableSeconds::test_flooring_not_rounding[0-0]
tests/test_billing_metering.py::TestBillableSeconds::test_flooring_not_rounding[None-0]
tests/test_billing_metering.py::TestBillableSeconds::test_flooring_not_rounding[-5-0]
tests/test_billing_metering.py::TestBillableSeconds::test_flooring_not_rounding[0.4-1]
tests/test_billing_metering.py::TestBillableSeconds::test_flooring_not_rounding[99.4-99]
tests/test_billing_metering.py::TestBillableSeconds::test_flooring_not_rounding[99.9-99]
tests/test_billing_metering.py::TestBillableSeconds::test_flooring_not_rounding[120.0-120]
tests/test_billing_metering.py::TestSummaries::test_a_summary_is_rebuilt_from_events
tests/test_billing_metering.py::TestSummaries::test_a_summary_is_only_a_cache
tests/test_billing_metering.py::TestSummaries::test_a_finalized_period_is_not_silently_rewritten
tests/test_billing_metering.py::TestSummaries::test_the_tenant_cache_is_kept_in_step
tests/test_billing_metering.py::TestAdjustments::test_a_credit_is_a_new_row_not_an_edit
tests/test_billing_metering.py::TestAdjustments::test_an_adjustment_records_who_and_why
tests/test_billing_metering.py::TestAdjustments::test_the_same_adjustment_replayed_is_recorded_once
tests/test_billing_metering.py::TestAdjustments::test_reporting_clamps_a_negative_total_but_storage_does_not
tests/test_billing_subscriptions.py::TestPlanCatalogue::test_a_plan_resolves_by_code
tests/test_billing_subscriptions.py::TestPlanCatalogue::test_an_inactive_plan_is_refused_like_a_missing_one
tests/test_billing_subscriptions.py::TestPlanCatalogue::test_the_price_id_comes_from_the_catalogue
tests/test_billing_subscriptions.py::TestPlanCatalogue::test_a_plan_with_no_price_id_fails_loudly
tests/test_billing_subscriptions.py::TestPlanCatalogue::test_seeding_is_idempotent_and_never_clobbers_prices
tests/test_billing_subscriptions.py::TestPlanCatalogue::test_feature_entitlements_are_validated_on_write
tests/test_billing_subscriptions.py::TestPlanCatalogue::test_production_requires_price_ids_for_active_paid_plans
tests/test_billing_subscriptions.py::TestCustomer::test_a_customer_is_created_once
tests/test_billing_subscriptions.py::TestCustomer::test_an_existing_provider_customer_is_reused
tests/test_billing_subscriptions.py::TestCustomer::test_a_timeout_reconciles_rather_than_creating_twice
tests/test_billing_subscriptions.py::TestCustomer::test_a_timeout_that_cannot_be_confirmed_raises
tests/test_billing_subscriptions.py::TestCustomer::test_two_concurrent_checkouts_create_one_subscription_row
tests/test_billing_subscriptions.py::TestPlanChanges::test_an_upgrade_is_immediate
tests/test_billing_subscriptions.py::TestPlanChanges::test_a_downgrade_is_scheduled
tests/test_billing_subscriptions.py::TestPlanChanges::test_a_scheduled_downgrade_lands_at_renewal
tests/test_billing_subscriptions.py::TestPlanChanges::test_a_downgrade_can_be_cancelled_by_reselecting
tests/test_billing_subscriptions.py::TestPlanChanges::test_an_unknown_plan_is_refused
tests/test_billing_subscriptions.py::TestPlanChanges::test_a_plan_with_no_price_is_refused_before_the_provider_call
tests/test_billing_subscriptions.py::TestCancellation::test_cancel_defaults_to_period_end
tests/test_billing_subscriptions.py::TestCancellation::test_immediate_cancel
tests/test_billing_subscriptions.py::TestCancellation::test_cancelling_twice_is_idempotent
tests/test_billing_subscriptions.py::TestCancellation::test_a_provider_failure_still_records_the_intent
tests/test_billing_subscriptions.py::TestOrdering::test_a_stale_event_does_not_overwrite_newer_state
tests/test_billing_subscriptions.py::TestOrdering::test_a_newer_event_is_applied
tests/test_billing_subscriptions.py::TestReconciliation::test_a_lost_subscription_is_adopted_not_recreated
tests/test_billing_subscriptions.py::TestStripeMapping::test_status_normalization[trialing-trialing]
tests/test_billing_subscriptions.py::TestStripeMapping::test_status_normalization[active-active]
tests/test_billing_subscriptions.py::TestStripeMapping::test_status_normalization[past_due-past_due]
tests/test_billing_subscriptions.py::TestStripeMapping::test_status_normalization[unpaid-past_due]
tests/test_billing_subscriptions.py::TestStripeMapping::test_status_normalization[canceled-canceled]
tests/test_billing_subscriptions.py::TestStripeMapping::test_status_normalization[incomplete-incomplete]
tests/test_billing_subscriptions.py::TestStripeMapping::test_status_normalization[incomplete_expired-incomplete_expired]
tests/test_billing_subscriptions.py::TestStripeMapping::test_status_normalization[paused-paused]
tests/test_billing_subscriptions.py::TestStripeMapping::test_cancel_at_period_end_becomes_a_state
tests/test_billing_subscriptions.py::TestStripeMapping::test_an_unmapped_status_is_read_safely
tests/test_billing_subscriptions.py::TestStripeMapping::test_period_bounds_are_read_from_the_item_when_absent_on_the_root
tests/test_billing_subscriptions.py::TestStripeMapping::test_a_related_object_is_accepted_as_an_id_or_an_object
tests/test_billing_subscriptions.py::TestStripeMapping::test_an_annual_price_is_detected
tests/test_billing_subscriptions.py::TestStripeMapping::test_invoice_status_normalization[draft-draft]
tests/test_billing_subscriptions.py::TestStripeMapping::test_invoice_status_normalization[open-open]
tests/test_billing_subscriptions.py::TestStripeMapping::test_invoice_status_normalization[paid-paid]
tests/test_billing_subscriptions.py::TestStripeMapping::test_invoice_status_normalization[void-void]
tests/test_billing_subscriptions.py::TestStripeMapping::test_invoice_status_normalization[uncollectible-uncollectible]
tests/test_billing_subscriptions.py::TestStripeMapping::test_invoice_status_normalization[something_new-draft]
tests/test_billing_subscriptions.py::TestStripeRequests::test_subscription_creation_payload
tests/test_billing_subscriptions.py::TestStripeRequests::test_the_idempotency_key_is_sent_on_every_mutating_call
tests/test_billing_subscriptions.py::TestStripeRequests::test_updating_a_price_reads_the_item_id_first
tests/test_billing_subscriptions.py::TestStripeRequests::test_cancelling_a_missing_subscription_succeeds
tests/test_billing_subscriptions.py::TestStripeRequests::test_checkout_requires_configured_urls
tests/test_billing_subscriptions.py::TestStripeRequests::test_the_tenant_id_is_stamped_on_the_session_and_subscription
tests/test_billing_subscriptions.py::TestStripeRequests::test_error_mapping[401-BillingAuthError-False]
tests/test_billing_subscriptions.py::TestStripeRequests::test_error_mapping[402-BillingCardError-False]
tests/test_billing_subscriptions.py::TestStripeRequests::test_error_mapping[404-BillingNotFoundError-False]
tests/test_billing_subscriptions.py::TestStripeRequests::test_error_mapping[400-BillingValidationError-False]
tests/test_billing_subscriptions.py::TestStripeRequests::test_error_mapping[429-BillingRateLimited-True]
tests/test_billing_subscriptions.py::TestStripeRequests::test_error_mapping[500-BillingTemporaryError-True]
tests/test_billing_subscriptions.py::TestStripeRequests::test_error_mapping[503-BillingTemporaryError-True]
tests/test_billing_subscriptions.py::TestStripeRequests::test_a_timeout_is_retryable
tests/test_billing_subscriptions.py::TestWebhookSignature::test_a_valid_signature_is_accepted
tests/test_billing_subscriptions.py::TestWebhookSignature::test_a_wrong_secret_is_rejected
tests/test_billing_subscriptions.py::TestWebhookSignature::test_a_tampered_body_is_rejected
tests/test_billing_subscriptions.py::TestWebhookSignature::test_re_serialization_would_break_it
tests/test_billing_subscriptions.py::TestWebhookSignature::test_a_stale_timestamp_is_rejected
tests/test_billing_subscriptions.py::TestWebhookSignature::test_a_future_timestamp_is_rejected
tests/test_billing_subscriptions.py::TestWebhookSignature::test_several_v1_values_are_all_checked
tests/test_billing_subscriptions.py::TestWebhookSignature::test_an_unknown_scheme_is_ignored
tests/test_billing_subscriptions.py::TestWebhookSignature::test_a_malformed_header_is_rejected[]
tests/test_billing_subscriptions.py::TestWebhookSignature::test_a_malformed_header_is_rejected[garbage]
tests/test_billing_subscriptions.py::TestWebhookSignature::test_a_malformed_header_is_rejected[t=notanumber,v1=abc]
tests/test_billing_subscriptions.py::TestWebhookSignature::test_a_malformed_header_is_rejected[v1=abc]
tests/test_billing_subscriptions.py::TestWebhookSignature::test_a_malformed_header_is_rejected[t=123]
tests/test_billing_subscriptions.py::TestWebhookSignature::test_a_malformed_body_is_rejected_after_verification
tests/test_billing_subscriptions.py::TestWebhookSignature::test_an_event_with_no_id_is_rejected
tests/test_billing_subscriptions.py::TestWebhookSignature::test_verification_without_a_configured_secret_refuses
tests/test_billing_subscriptions.py::TestWebhookProcessing::test_subscription_updated_applies_state
tests/test_billing_subscriptions.py::TestWebhookProcessing::test_a_duplicate_event_is_processed_once
tests/test_billing_subscriptions.py::TestWebhookProcessing::test_an_out_of_order_event_does_not_regress_state
tests/test_billing_subscriptions.py::TestWebhookProcessing::test_a_stale_delete_does_not_cancel_a_reactivated_subscription
tests/test_billing_subscriptions.py::TestWebhookProcessing::test_a_payment_failure_marks_past_due_but_keeps_service
tests/test_billing_subscriptions.py::TestWebhookProcessing::test_a_paid_invoice_clears_past_due
tests/test_billing_subscriptions.py::TestWebhookProcessing::test_a_paid_invoice_is_mirrored
tests/test_billing_subscriptions.py::TestWebhookProcessing::test_an_unattributable_event_is_recorded_and_ignored
tests/test_billing_subscriptions.py::TestWebhookProcessing::test_an_unhandled_event_type_is_recorded_and_ignored
tests/test_billing_subscriptions.py::TestWebhookProcessing::test_a_forged_tenant_id_that_does_not_exist_is_ignored
tests/test_billing_subscriptions.py::TestWebhookProcessing::test_checkout_completion_does_not_grant_service_by_itself
tests/test_billing_subscriptions.py::TestBillingProviderContract::test_every_type_has_an_adapter[stripe]
tests/test_billing_subscriptions.py::TestBillingProviderContract::test_every_type_has_an_adapter[manual]
tests/test_billing_subscriptions.py::TestBillingProviderContract::test_the_name_matches_the_enum_value[stripe]
tests/test_billing_subscriptions.py::TestBillingProviderContract::test_the_name_matches_the_enum_value[manual]
tests/test_billing_subscriptions.py::TestBillingProviderContract::test_declared_capabilities_are_implemented[stripe]
tests/test_billing_subscriptions.py::TestBillingProviderContract::test_declared_capabilities_are_implemented[manual]
tests/test_billing_subscriptions.py::TestBillingProviderContract::test_undeclared_capabilities_raise_unsupported[stripe]
tests/test_billing_subscriptions.py::TestBillingProviderContract::test_undeclared_capabilities_raise_unsupported[manual]
tests/test_billing_subscriptions.py::TestBillingProviderContract::test_error_normalization_is_identical[401-BillingAuthError-False-stripe]
tests/test_billing_subscriptions.py::TestBillingProviderContract::test_error_normalization_is_identical[401-BillingAuthError-False-manual]
tests/test_billing_subscriptions.py::TestBillingProviderContract::test_error_normalization_is_identical[404-BillingNotFoundError-False-stripe]
tests/test_billing_subscriptions.py::TestBillingProviderContract::test_error_normalization_is_identical[404-BillingNotFoundError-False-manual]
tests/test_billing_subscriptions.py::TestBillingProviderContract::test_error_normalization_is_identical[429-BillingRateLimited-True-stripe]
tests/test_billing_subscriptions.py::TestBillingProviderContract::test_error_normalization_is_identical[429-BillingRateLimited-True-manual]
tests/test_billing_subscriptions.py::TestBillingProviderContract::test_error_normalization_is_identical[500-BillingTemporaryError-True-stripe]
tests/test_billing_subscriptions.py::TestBillingProviderContract::test_error_normalization_is_identical[500-BillingTemporaryError-True-manual]
tests/test_billing_subscriptions.py::TestBillingProviderContract::test_timeouts_are_normalized[stripe]
tests/test_billing_subscriptions.py::TestBillingProviderContract::test_timeouts_are_normalized[manual]
tests/test_billing_subscriptions.py::TestBillingProviderContract::test_no_httpx_exception_escapes[stripe]
tests/test_billing_subscriptions.py::TestBillingProviderContract::test_no_httpx_exception_escapes[manual]
tests/test_billing_subscriptions.py::TestBillingProviderContract::test_the_config_repr_hides_secrets[stripe]
tests/test_billing_subscriptions.py::TestBillingProviderContract::test_the_config_repr_hides_secrets[manual]
tests/test_billing_subscriptions.py::TestBillingProviderContract::test_secrets_never_appear_in_a_raised_error[stripe]
tests/test_billing_subscriptions.py::TestBillingProviderContract::test_secrets_never_appear_in_a_raised_error[manual]
tests/test_billing_subscriptions.py::TestBillingProviderContract::test_a_401_body_is_never_echoed[stripe]
tests/test_billing_subscriptions.py::TestBillingProviderContract::test_a_401_body_is_never_echoed[manual]
tests/test_billing_subscriptions.py::TestBillingProviderContract::test_a_health_check_never_raises_and_never_leaks[stripe]
tests/test_billing_subscriptions.py::TestBillingProviderContract::test_a_health_check_never_raises_and_never_leaks[manual]
tests/test_billing_subscriptions.py::TestBillingProviderContract::test_an_adapter_holds_no_database_handle[stripe]
tests/test_billing_subscriptions.py::TestBillingProviderContract::test_an_adapter_holds_no_database_handle[manual]
tests/test_billing_subscriptions.py::TestBillingProviderContract::test_customer_creation_is_deterministic_for_reconciliation[stripe]
tests/test_billing_subscriptions.py::TestBillingProviderContract::test_customer_creation_is_deterministic_for_reconciliation[manual]
tests/test_billing_voice.py::TestVoiceBillingRegression::test_a_120_second_call_always_bills_120_seconds[callbacks0-completed only]
tests/test_billing_voice.py::TestVoiceBillingRegression::test_a_120_second_call_always_bills_120_seconds[callbacks1-in-progress(0s) first]
tests/test_billing_voice.py::TestVoiceBillingRegression::test_a_120_second_call_always_bills_120_seconds[callbacks2-in-progress(60s) first]
tests/test_billing_voice.py::TestVoiceBillingRegression::test_a_120_second_call_always_bills_120_seconds[callbacks3-answered(90s) first]
tests/test_billing_voice.py::TestVoiceBillingRegression::test_a_120_second_call_always_bills_120_seconds[callbacks4-completed x10]
tests/test_billing_voice.py::TestVoiceBillingRegression::test_a_120_second_call_always_bills_120_seconds[callbacks5-mixed + retry]
tests/test_billing_voice.py::TestVoiceBillingRegression::test_one_call_produces_exactly_one_event
tests/test_billing_voice.py::TestVoiceBillingRegression::test_a_worker_retry_bills_once
tests/test_billing_voice.py::TestVoiceBillingRegression::test_a_transferred_call_is_billed_once
tests/test_billing_voice.py::TestVoiceBillingRegression::test_a_zero_length_call_is_not_billed
tests/test_billing_voice.py::TestVoiceBillingRegression::test_many_calls_aggregate
tests/test_billing_voice.py::TestVoiceBillingRegression::test_usage_records_the_source_call
tests/test_billing_voice.py::TestVoiceBillingRegression::test_billing_never_raises_into_the_call_path
tests/test_billing_voice.py::TestVoiceBillingRegression::test_the_tenant_cache_tracks_the_events
tests/test_billing_voice.py::TestOtherMetrics::test_sms_segments
tests/test_billing_voice.py::TestOtherMetrics::test_llm_tokens_are_discriminated_by_turn
tests/test_billing_voice.py::TestOtherMetrics::test_tts_characters
tests/test_billing_voice.py::TestMeteredEntitlements::test_well_under_the_limit_allows
tests/test_billing_voice.py::TestMeteredEntitlements::test_eighty_percent_warns_without_blocking
tests/test_billing_voice.py::TestMeteredEntitlements::test_over_the_allowance_with_overage_enabled_continues
tests/test_billing_voice.py::TestMeteredEntitlements::test_over_the_allowance_with_overage_disabled_blocks
tests/test_billing_voice.py::TestMeteredEntitlements::test_the_projected_call_is_counted_not_just_the_current_position
tests/test_billing_voice.py::TestMeteredEntitlements::test_an_inactive_subscription_denies
tests/test_billing_voice.py::TestMeteredEntitlements::test_past_due_still_entitles
tests/test_billing_voice.py::TestMeteredEntitlements::test_a_tenant_with_no_subscription_is_not_blocked
tests/test_billing_voice.py::TestMeteredEntitlements::test_the_legacy_plan_string_is_honoured
tests/test_billing_voice.py::TestMeteredEntitlements::test_unlimited_mode_allows_everything
tests/test_billing_voice.py::TestMeteredEntitlements::test_a_missing_catalogue_degrades_open_rather_than_denying
tests/test_billing_voice.py::TestFeatureEntitlements::test_a_numeric_limit
tests/test_billing_voice.py::TestFeatureEntitlements::test_the_denial_message_names_the_plan
tests/test_billing_voice.py::TestFeatureEntitlements::test_a_boolean_feature
tests/test_billing_voice.py::TestFeatureEntitlements::test_unlimited_is_minus_one
tests/test_billing_voice.py::TestFeatureEntitlements::test_an_unlisted_feature_defaults_permissively
tests/test_billing_voice.py::TestFeatureEntitlements::test_check_feature_live_counts_the_real_rows
tests/test_billing_voice.py::TestThresholds::test_a_threshold_fires_once
tests/test_billing_voice.py::TestThresholds::test_eighty_percent_late_in_the_period_is_not_a_signal
tests/test_billing_voice.py::TestThresholds::test_a_hundred_percent_fires_whenever_it_happens
tests/test_billing_voice.py::TestOutboundEnforcement::test_an_outbound_call_is_allowed_under_the_limit
tests/test_billing_voice.py::TestOutboundEnforcement::test_an_outbound_call_is_refused_before_the_provider_call
tests/test_billing_voice.py::TestOutboundEnforcement::test_an_overage_plan_keeps_dialling
tests/test_billing_voice.py::TestOutboundEnforcement::test_a_billing_failure_fails_open
tests/test_billing_voice.py::TestOutboundEnforcement::test_enforcement_can_be_switched_off
tests/test_billing_voice.py::TestInboundIsNeverBlocked::test_the_inbound_voice_route_has_no_usage_cap
tests/test_billing_voice.py::TestInboundIsNeverBlocked::test_an_over_limit_tenant_still_answers_inbound_calls
tests/test_billing_voice.py::TestCostObservationVisibility::test_a_failed_voice_cost_record_is_logged_not_swallowed
tests/test_billing_voice.py::TestCostObservationVisibility::test_a_failed_sms_cost_record_is_logged_not_swallowed
tests/test_cache.py::test_set_then_get
tests/test_cache.py::test_miss_returns_none
tests/test_cache.py::test_delete
tests/test_cache.py::test_get_or_set_computes_once
tests/test_cache.py::test_expiry_returns_none
tests/test_calendar_api.py::TestAppointmentApi::test_availability_endpoint
tests/test_calendar_api.py::TestAppointmentApi::test_booking_through_the_api
tests/test_calendar_api.py::TestAppointmentApi::test_a_conflicting_booking_is_a_409
tests/test_calendar_api.py::TestAppointmentApi::test_an_out_of_hours_booking_is_a_422
tests/test_calendar_api.py::TestAppointmentApi::test_a_nonexistent_local_time_is_explained_not_shifted
tests/test_calendar_api.py::TestAppointmentApi::test_an_ambiguous_local_time_asks_for_an_offset
tests/test_calendar_api.py::TestAppointmentApi::test_a_duplicate_request_id_returns_the_same_appointment
tests/test_calendar_api.py::TestAppointmentApi::test_reschedule_and_cancel_through_the_api
tests/test_calendar_api.py::TestAppointmentApi::test_listing_and_filtering
tests/test_calendar_api.py::TestAppointmentApi::test_a_viewer_cannot_book
tests/test_calendar_api.py::TestAppointmentApi::test_unauthenticated_requests_are_rejected
tests/test_calendar_api.py::TestPolicyApi::test_reading_the_policy
tests/test_calendar_api.py::TestPolicyApi::test_a_tenant_without_a_policy_sees_the_legacy_fallback
tests/test_calendar_api.py::TestPolicyApi::test_updating_the_policy
tests/test_calendar_api.py::TestPolicyApi::test_an_invalid_timezone_is_rejected
tests/test_calendar_api.py::TestPolicyApi::test_invalid_hours_are_rejected_at_write_time
tests/test_calendar_api.py::TestPolicyApi::test_an_interval_longer_than_the_slot_is_rejected
tests/test_calendar_api.py::TestCalendarIntegrationApi::test_connecting_a_provider
tests/test_calendar_api.py::TestCalendarIntegrationApi::test_stored_credentials_are_ciphertext
tests/test_calendar_api.py::TestCalendarIntegrationApi::test_credentials_are_bound_to_their_tenant_and_provider
tests/test_calendar_api.py::TestCalendarIntegrationApi::test_an_unknown_credential_field_is_rejected
tests/test_calendar_api.py::TestCalendarIntegrationApi::test_calcom_requires_an_event_type
tests/test_calendar_api.py::TestCalendarIntegrationApi::test_the_provider_catalogue_reports_honest_capabilities
tests/test_calendar_api.py::TestCalendarIntegrationApi::test_setting_a_new_primary_demotes_the_old_one
tests/test_calendar_api.py::TestCalendarIntegrationApi::test_the_health_check_never_leaks
tests/test_calendar_api.py::TestCalendarIntegrationApi::test_no_credential_reaches_any_response
tests/test_calendar_api.py::TestCalendarIntegrationApi::test_connecting_writes_no_secret_to_the_audit_log
tests/test_calendar_api.py::TestTenantIsolation::test_tenant_b_cannot_read_tenant_a_appointments
tests/test_calendar_api.py::TestTenantIsolation::test_a_wrong_id_and_someone_elses_id_are_indistinguishable
tests/test_calendar_api.py::TestTenantIsolation::test_tenant_b_cannot_reschedule_tenant_a_appointment
tests/test_calendar_api.py::TestTenantIsolation::test_tenant_b_cannot_cancel_tenant_a_appointment
tests/test_calendar_api.py::TestTenantIsolation::test_tenant_b_sees_their_own_availability_not_tenant_a_s
tests/test_calendar_api.py::TestTenantIsolation::test_tenant_b_cannot_read_tenant_a_calendar_integration
tests/test_calendar_api.py::TestTenantIsolation::test_tenant_b_cannot_test_tenant_a_calendar_credentials
tests/test_calendar_api.py::TestTenantIsolation::test_a_tenant_id_in_the_body_is_ignored
tests/test_calendar_api.py::TestTenantIsolation::test_the_booking_service_never_crosses_tenants
tests/test_calendar_api.py::TestTenantIsolation::test_the_routes_use_the_permission_enum_not_role_strings
tests/test_calendar_api.py::TestVoiceTools::test_availability_returns_structured_slots
tests/test_calendar_api.py::TestVoiceTools::test_booking_returns_booked_only_after_a_provider_accepts
tests/test_calendar_api.py::TestVoiceTools::test_a_provider_failure_never_returns_booked
tests/test_calendar_api.py::TestVoiceTools::test_the_payload_never_carries_provider_detail
tests/test_calendar_api.py::TestVoiceTools::test_the_outcome_vocabulary_is_closed
tests/test_calendar_api.py::TestVoiceTools::test_missing_arguments_produce_a_question_not_a_booking
tests/test_calendar_api.py::TestVoiceTools::test_an_ambiguous_day_asks_rather_than_guessing
tests/test_calendar_api.py::TestVoiceTools::test_an_ambiguous_hour_asks
tests/test_calendar_api.py::TestVoiceTools::test_a_nonexistent_local_time_asks_rather_than_shifting
tests/test_calendar_api.py::TestVoiceTools::test_reschedule_and_cancel_by_phone
tests/test_calendar_api.py::TestVoiceTools::test_an_unknown_caller_gets_not_found
tests/test_calendar_api.py::TestVoiceTools::test_confirm_is_honest_about_a_pending_booking
tests/test_calendar_api.py::TestVoiceTools::test_a_tool_cannot_reach_another_tenants_diary
tests/test_calendar_api.py::TestVoiceTools::test_the_voice_deadline_is_enforced
tests/test_calendar_api.py::TestVoiceTools::test_the_agent_dispatch_routes_to_the_new_layer
tests/test_calendar_api.py::TestCalendarWebhooks::test_a_valid_signed_notification_is_accepted
tests/test_calendar_api.py::TestCalendarWebhooks::test_an_invalid_signature_is_rejected
tests/test_calendar_api.py::TestCalendarWebhooks::test_a_forged_routing_token_is_rejected
tests/test_calendar_api.py::TestCalendarWebhooks::test_a_replayed_notification_is_ignored
tests/test_calendar_api.py::TestCalendarWebhooks::test_a_tenant_id_in_the_body_does_not_route
tests/test_calendar_api.py::TestCalendarWebhooks::test_a_provider_cancellation_frees_the_slot
tests/test_calendar_api.py::TestCalendarWebhooks::test_a_cancellation_cannot_reach_another_tenants_appointment
tests/test_calendar_api.py::TestCalendarWebhooks::test_a_provider_with_no_stored_secret_fails_closed
tests/test_calendar_api.py::TestCalendarWebhooks::test_a_google_channel_token_is_verified
tests/test_calendar_api.py::TestCalendarWebhooks::test_a_graph_validation_token_is_echoed
tests/test_calendar_api.py::TestCalendarWebhooks::test_every_rejection_looks_the_same
tests/test_calendar_api.py::TestCalendarWebhooks::test_receipts_can_be_pruned
tests/test_calendar_api.py::TestServiceOverhead::test_availability_lookup_overhead
tests/test_calendar_api.py::TestServiceOverhead::test_availability_scales_with_the_diary_not_quadratically
tests/test_calendar_api.py::TestServiceOverhead::test_booking_overhead
tests/test_calendar_api.py::TestServiceOverhead::test_reschedule_and_cancel_overhead
tests/test_calendar_api.py::TestServiceOverhead::test_a_hung_provider_cannot_outlast_the_voice_deadline
tests/test_calendar_booking.py::TestBusinessHours::test_a_closed_day_offers_nothing
tests/test_calendar_booking.py::TestBusinessHours::test_an_open_day_offers_slots
tests/test_calendar_booking.py::TestBusinessHours::test_a_lunch_break_is_respected
tests/test_calendar_booking.py::TestBusinessHours::test_a_holiday_closes_the_whole_day
tests/test_calendar_booking.py::TestBusinessHours::test_a_blocked_period_removes_only_its_own_slots
tests/test_calendar_booking.py::TestBusinessHours::test_booking_outside_business_hours_is_refused
tests/test_calendar_booking.py::TestBusinessHours::test_booking_during_the_lunch_break_is_refused
tests/test_calendar_booking.py::TestBusinessHours::test_an_appointment_spanning_the_break_is_refused
tests/test_calendar_booking.py::TestBusinessHours::test_a_closed_day_is_refused_with_a_useful_message
tests/test_calendar_booking.py::TestBusinessHours::test_the_escape_hatch_allows_out_of_hours_booking
tests/test_calendar_booking.py::TestBusinessHours::test_a_tenant_with_no_policy_keeps_the_legacy_behaviour
tests/test_calendar_booking.py::TestBusinessHours::test_an_invalid_policy_is_rejected_when_parsed
tests/test_calendar_booking.py::TestAvailability::test_provider_busy_periods_remove_slots
tests/test_calendar_booking.py::TestAvailability::test_our_own_appointments_remove_slots
tests/test_calendar_booking.py::TestAvailability::test_a_cancelled_appointment_frees_its_slot
tests/test_calendar_booking.py::TestAvailability::test_buffers_widen_what_a_booking_blocks
tests/test_calendar_booking.py::TestAvailability::test_back_to_back_slots_do_not_collide_without_a_buffer
tests/test_calendar_booking.py::TestAvailability::test_minimum_notice_hides_imminent_slots
tests/test_calendar_booking.py::TestAvailability::test_the_booking_horizon_is_enforced
tests/test_calendar_booking.py::TestAvailability::test_a_past_time_is_refused
tests/test_calendar_booking.py::TestAvailability::test_slot_interval_can_be_finer_than_duration
tests/test_calendar_booking.py::TestAvailability::test_max_slots_offered_is_respected
tests/test_calendar_booking.py::TestAvailability::test_morning_filter_uses_local_time
tests/test_calendar_booking.py::TestAvailability::test_an_unreachable_provider_is_reported_not_hidden
tests/test_calendar_booking.py::TestBooking::test_a_successful_booking_writes_exact_state
tests/test_calendar_booking.py::TestBooking::test_a_provider_rejection_never_reports_success
tests/test_calendar_booking.py::TestBooking::test_a_provider_conflict_offers_another_time
tests/test_calendar_booking.py::TestBooking::test_a_provisional_booking_is_opt_in_and_never_says_confirmed
tests/test_calendar_booking.py::TestBooking::test_a_conflicting_booking_is_refused
tests/test_calendar_booking.py::TestBooking::test_the_crm_event_is_emitted_through_step_5
tests/test_calendar_booking.py::TestBooking::test_no_calendar_module_imports_a_crm_provider
tests/test_calendar_booking.py::TestIdempotency::test_the_same_request_twice_books_once
tests/test_calendar_booking.py::TestIdempotency::test_the_key_is_derived_not_random
tests/test_calendar_booking.py::TestIdempotency::test_a_client_request_id_overrides_the_derived_key
tests/test_calendar_booking.py::TestIdempotency::test_an_ambiguous_timeout_reconciles_instead_of_duplicating
tests/test_calendar_booking.py::TestIdempotency::test_a_timeout_whose_reconciliation_also_fails_does_not_book
tests/test_calendar_booking.py::TestIdempotency::test_a_timeout_with_nothing_on_the_provider_does_not_confirm
tests/test_calendar_booking.py::TestIdempotency::test_rebooking_a_cancelled_slot_is_allowed
tests/test_calendar_booking.py::TestConcurrency::test_two_callers_racing_for_one_slot_produce_one_booking
tests/test_calendar_booking.py::TestConcurrency::test_five_callers_racing_still_produce_one_booking
tests/test_calendar_booking.py::TestConcurrency::test_the_slot_key_is_the_lock
tests/test_calendar_booking.py::TestConcurrency::test_different_slots_do_not_block_each_other
tests/test_calendar_booking.py::TestReschedule::test_a_successful_reschedule_moves_everything
tests/test_calendar_booking.py::TestReschedule::test_a_conflict_leaves_the_original_alone
tests/test_calendar_booking.py::TestReschedule::test_a_provider_failure_leaves_the_appointment_intact
tests/test_calendar_booking.py::TestReschedule::test_rescheduling_outside_business_hours_is_refused
tests/test_calendar_booking.py::TestReschedule::test_rescheduling_a_cancelled_appointment_is_refused
tests/test_calendar_booking.py::TestReschedule::test_reschedule_emits_a_crm_event
tests/test_calendar_booking.py::TestReschedule::test_rescheduling_to_the_same_time_is_idempotent
tests/test_calendar_booking.py::TestCancel::test_a_successful_cancellation_records_everything
tests/test_calendar_booking.py::TestCancel::test_cancelling_twice_is_safe_and_hits_the_provider_once
tests/test_calendar_booking.py::TestCancel::test_a_provider_failure_still_frees_the_slot_locally
tests/test_calendar_booking.py::TestCancel::test_cancellation_emits_a_crm_event
tests/test_calendar_booking.py::TestCancel::test_marking_a_no_show_frees_the_slot
tests/test_calendar_booking.py::TestReminders::test_a_reminder_is_queued_on_booking
tests/test_calendar_booking.py::TestReminders::test_a_reminder_due_within_the_offset_is_not_dropped
tests/test_calendar_booking.py::TestReminders::test_rescheduling_moves_the_reminder_rather_than_adding_one
tests/test_calendar_booking.py::TestReminders::test_cancelling_removes_the_reminder
tests/test_calendar_booking.py::TestReminders::test_no_reminder_when_the_tenant_has_them_off
tests/test_calendar_contract.py::test_every_provider_type_has_an_adapter[google]
tests/test_calendar_contract.py::test_every_provider_type_has_an_adapter[google_service_account]
tests/test_calendar_contract.py::test_every_provider_type_has_an_adapter[microsoft]
tests/test_calendar_contract.py::test_every_provider_type_has_an_adapter[calcom]
tests/test_calendar_contract.py::test_every_provider_type_has_an_adapter[internal]
tests/test_calendar_contract.py::test_adapter_name_matches_the_enum_value[google]
tests/test_calendar_contract.py::test_adapter_name_matches_the_enum_value[google_service_account]
tests/test_calendar_contract.py::test_adapter_name_matches_the_enum_value[microsoft]
tests/test_calendar_contract.py::test_adapter_name_matches_the_enum_value[calcom]
tests/test_calendar_contract.py::test_adapter_name_matches_the_enum_value[internal]
tests/test_calendar_contract.py::test_adapter_subclasses_the_base[google]
tests/test_calendar_contract.py::test_adapter_subclasses_the_base[google_service_account]
tests/test_calendar_contract.py::test_adapter_subclasses_the_base[microsoft]
tests/test_calendar_contract.py::test_adapter_subclasses_the_base[calcom]
tests/test_calendar_contract.py::test_adapter_subclasses_the_base[internal]
tests/test_calendar_contract.py::test_declared_capabilities_are_actually_implemented[google]
tests/test_calendar_contract.py::test_declared_capabilities_are_actually_implemented[google_service_account]
tests/test_calendar_contract.py::test_declared_capabilities_are_actually_implemented[microsoft]
tests/test_calendar_contract.py::test_declared_capabilities_are_actually_implemented[calcom]
tests/test_calendar_contract.py::test_declared_capabilities_are_actually_implemented[internal]
tests/test_calendar_contract.py::test_reschedule_is_served_by_something_real[google]
tests/test_calendar_contract.py::test_reschedule_is_served_by_something_real[google_service_account]
tests/test_calendar_contract.py::test_reschedule_is_served_by_something_real[microsoft]
tests/test_calendar_contract.py::test_reschedule_is_served_by_something_real[calcom]
tests/test_calendar_contract.py::test_reschedule_is_served_by_something_real[internal]
tests/test_calendar_contract.py::test_undeclared_capabilities_raise_unsupported_cleanly[google]
tests/test_calendar_contract.py::test_undeclared_capabilities_raise_unsupported_cleanly[google_service_account]
tests/test_calendar_contract.py::test_undeclared_capabilities_raise_unsupported_cleanly[microsoft]
tests/test_calendar_contract.py::test_undeclared_capabilities_raise_unsupported_cleanly[calcom]
tests/test_calendar_contract.py::test_undeclared_capabilities_raise_unsupported_cleanly[internal]
tests/test_calendar_contract.py::test_http_status_maps_identically_for_every_provider[401-CalendarAuthError-False-google]
tests/test_calendar_contract.py::test_http_status_maps_identically_for_every_provider[401-CalendarAuthError-False-google_service_account]
tests/test_calendar_contract.py::test_http_status_maps_identically_for_every_provider[401-CalendarAuthError-False-microsoft]
tests/test_calendar_contract.py::test_http_status_maps_identically_for_every_provider[401-CalendarAuthError-False-calcom]
tests/test_calendar_contract.py::test_http_status_maps_identically_for_every_provider[401-CalendarAuthError-False-internal]
tests/test_calendar_contract.py::test_http_status_maps_identically_for_every_provider[403-CalendarPermissionError-False-google]
tests/test_calendar_contract.py::test_http_status_maps_identically_for_every_provider[403-CalendarPermissionError-False-google_service_account]
tests/test_calendar_contract.py::test_http_status_maps_identically_for_every_provider[403-CalendarPermissionError-False-microsoft]
tests/test_calendar_contract.py::test_http_status_maps_identically_for_every_provider[403-CalendarPermissionError-False-calcom]
tests/test_calendar_contract.py::test_http_status_maps_identically_for_every_provider[403-CalendarPermissionError-False-internal]
tests/test_calendar_contract.py::test_http_status_maps_identically_for_every_provider[404-CalendarNotFoundError-False-google]
tests/test_calendar_contract.py::test_http_status_maps_identically_for_every_provider[404-CalendarNotFoundError-False-google_service_account]
tests/test_calendar_contract.py::test_http_status_maps_identically_for_every_provider[404-CalendarNotFoundError-False-microsoft]
tests/test_calendar_contract.py::test_http_status_maps_identically_for_every_provider[404-CalendarNotFoundError-False-calcom]
tests/test_calendar_contract.py::test_http_status_maps_identically_for_every_provider[404-CalendarNotFoundError-False-internal]
tests/test_calendar_contract.py::test_http_status_maps_identically_for_every_provider[409-CalendarConflictError-False-google]
tests/test_calendar_contract.py::test_http_status_maps_identically_for_every_provider[409-CalendarConflictError-False-google_service_account]
tests/test_calendar_contract.py::test_http_status_maps_identically_for_every_provider[409-CalendarConflictError-False-microsoft]
tests/test_calendar_contract.py::test_http_status_maps_identically_for_every_provider[409-CalendarConflictError-False-calcom]
tests/test_calendar_contract.py::test_http_status_maps_identically_for_every_provider[409-CalendarConflictError-False-internal]
tests/test_calendar_contract.py::test_http_status_maps_identically_for_every_provider[410-CalendarNotFoundError-False-google]
tests/test_calendar_contract.py::test_http_status_maps_identically_for_every_provider[410-CalendarNotFoundError-False-google_service_account]
tests/test_calendar_contract.py::test_http_status_maps_identically_for_every_provider[410-CalendarNotFoundError-False-microsoft]
tests/test_calendar_contract.py::test_http_status_maps_identically_for_every_provider[410-CalendarNotFoundError-False-calcom]
tests/test_calendar_contract.py::test_http_status_maps_identically_for_every_provider[410-CalendarNotFoundError-False-internal]
tests/test_calendar_contract.py::test_http_status_maps_identically_for_every_provider[422-CalendarValidationError-False-google]
tests/test_calendar_contract.py::test_http_status_maps_identically_for_every_provider[422-CalendarValidationError-False-google_service_account]
tests/test_calendar_contract.py::test_http_status_maps_identically_for_every_provider[422-CalendarValidationError-False-microsoft]
tests/test_calendar_contract.py::test_http_status_maps_identically_for_every_provider[422-CalendarValidationError-False-calcom]
tests/test_calendar_contract.py::test_http_status_maps_identically_for_every_provider[422-CalendarValidationError-False-internal]
tests/test_calendar_contract.py::test_http_status_maps_identically_for_every_provider[429-CalendarRateLimitError-True-google]
tests/test_calendar_contract.py::test_http_status_maps_identically_for_every_provider[429-CalendarRateLimitError-True-google_service_account]
tests/test_calendar_contract.py::test_http_status_maps_identically_for_every_provider[429-CalendarRateLimitError-True-microsoft]
tests/test_calendar_contract.py::test_http_status_maps_identically_for_every_provider[429-CalendarRateLimitError-True-calcom]
tests/test_calendar_contract.py::test_http_status_maps_identically_for_every_provider[429-CalendarRateLimitError-True-internal]
tests/test_calendar_contract.py::test_http_status_maps_identically_for_every_provider[500-CalendarTemporaryError-True-google]
tests/test_calendar_contract.py::test_http_status_maps_identically_for_every_provider[500-CalendarTemporaryError-True-google_service_account]
tests/test_calendar_contract.py::test_http_status_maps_identically_for_every_provider[500-CalendarTemporaryError-True-microsoft]
tests/test_calendar_contract.py::test_http_status_maps_identically_for_every_provider[500-CalendarTemporaryError-True-calcom]
tests/test_calendar_contract.py::test_http_status_maps_identically_for_every_provider[500-CalendarTemporaryError-True-internal]
tests/test_calendar_contract.py::test_http_status_maps_identically_for_every_provider[503-CalendarTemporaryError-True-google]
tests/test_calendar_contract.py::test_http_status_maps_identically_for_every_provider[503-CalendarTemporaryError-True-google_service_account]
tests/test_calendar_contract.py::test_http_status_maps_identically_for_every_provider[503-CalendarTemporaryError-True-microsoft]
tests/test_calendar_contract.py::test_http_status_maps_identically_for_every_provider[503-CalendarTemporaryError-True-calcom]
tests/test_calendar_contract.py::test_http_status_maps_identically_for_every_provider[503-CalendarTemporaryError-True-internal]
tests/test_calendar_contract.py::test_a_403_that_is_really_a_throttle_becomes_retryable[google]
tests/test_calendar_contract.py::test_a_403_that_is_really_a_throttle_becomes_retryable[google_service_account]
tests/test_calendar_contract.py::test_a_403_that_is_really_a_throttle_becomes_retryable[microsoft]
tests/test_calendar_contract.py::test_a_403_that_is_really_a_throttle_becomes_retryable[calcom]
tests/test_calendar_contract.py::test_a_403_that_is_really_a_throttle_becomes_retryable[internal]
tests/test_calendar_contract.py::test_timeouts_become_retryable_calendar_timeouts[google]
tests/test_calendar_contract.py::test_timeouts_become_retryable_calendar_timeouts[google_service_account]
tests/test_calendar_contract.py::test_timeouts_become_retryable_calendar_timeouts[microsoft]
tests/test_calendar_contract.py::test_timeouts_become_retryable_calendar_timeouts[calcom]
tests/test_calendar_contract.py::test_timeouts_become_retryable_calendar_timeouts[internal]
tests/test_calendar_contract.py::test_no_httpx_exception_ever_escapes[google]
tests/test_calendar_contract.py::test_no_httpx_exception_ever_escapes[google_service_account]
tests/test_calendar_contract.py::test_no_httpx_exception_ever_escapes[microsoft]
tests/test_calendar_contract.py::test_no_httpx_exception_ever_escapes[calcom]
tests/test_calendar_contract.py::test_no_httpx_exception_ever_escapes[internal]
tests/test_calendar_contract.py::test_free_busy_behavior_is_explicit_on_failure_or_non_support[google]
tests/test_calendar_contract.py::test_free_busy_behavior_is_explicit_on_failure_or_non_support[google_service_account]
tests/test_calendar_contract.py::test_free_busy_behavior_is_explicit_on_failure_or_non_support[microsoft]
tests/test_calendar_contract.py::test_free_busy_behavior_is_explicit_on_failure_or_non_support[calcom]
tests/test_calendar_contract.py::test_free_busy_behavior_is_explicit_on_failure_or_non_support[internal]
tests/test_calendar_contract.py::test_the_configured_timeout_reaches_the_http_client[google]
tests/test_calendar_contract.py::test_the_configured_timeout_reaches_the_http_client[google_service_account]
tests/test_calendar_contract.py::test_the_configured_timeout_reaches_the_http_client[microsoft]
tests/test_calendar_contract.py::test_the_configured_timeout_reaches_the_http_client[calcom]
tests/test_calendar_contract.py::test_the_configured_timeout_reaches_the_http_client[internal]
tests/test_calendar_contract.py::test_the_context_repr_hides_credentials[google]
tests/test_calendar_contract.py::test_the_context_repr_hides_credentials[google_service_account]
tests/test_calendar_contract.py::test_the_context_repr_hides_credentials[microsoft]
tests/test_calendar_contract.py::test_the_context_repr_hides_credentials[calcom]
tests/test_calendar_contract.py::test_the_context_repr_hides_credentials[internal]
tests/test_calendar_contract.py::test_raised_errors_do_not_expose_configured_credentials[google]
tests/test_calendar_contract.py::test_raised_errors_do_not_expose_configured_credentials[google_service_account]
tests/test_calendar_contract.py::test_raised_errors_do_not_expose_configured_credentials[microsoft]
tests/test_calendar_contract.py::test_raised_errors_do_not_expose_configured_credentials[calcom]
tests/test_calendar_contract.py::test_raised_errors_do_not_expose_configured_credentials[internal]
tests/test_calendar_contract.py::test_a_401_body_is_never_included_in_the_message[google]
tests/test_calendar_contract.py::test_a_401_body_is_never_included_in_the_message[google_service_account]
tests/test_calendar_contract.py::test_a_401_body_is_never_included_in_the_message[microsoft]
tests/test_calendar_contract.py::test_a_401_body_is_never_included_in_the_message[calcom]
tests/test_calendar_contract.py::test_a_401_body_is_never_included_in_the_message[internal]
tests/test_calendar_contract.py::test_a_health_check_never_raises_and_never_leaks[google]
tests/test_calendar_contract.py::test_a_health_check_never_raises_and_never_leaks[google_service_account]
tests/test_calendar_contract.py::test_a_health_check_never_raises_and_never_leaks[microsoft]
tests/test_calendar_contract.py::test_a_health_check_never_raises_and_never_leaks[calcom]
tests/test_calendar_contract.py::test_a_health_check_never_raises_and_never_leaks[internal]
tests/test_calendar_contract.py::test_provider_failure_logging_does_not_expose_credentials[google]
tests/test_calendar_contract.py::test_provider_failure_logging_does_not_expose_credentials[google_service_account]
tests/test_calendar_contract.py::test_provider_failure_logging_does_not_expose_credentials[microsoft]
tests/test_calendar_contract.py::test_provider_failure_logging_does_not_expose_credentials[calcom]
tests/test_calendar_contract.py::test_provider_failure_logging_does_not_expose_credentials[internal]
tests/test_calendar_contract.py::test_an_adapter_holds_no_handle_capable_of_widening_its_scope[google]
tests/test_calendar_contract.py::test_an_adapter_holds_no_handle_capable_of_widening_its_scope[google_service_account]
tests/test_calendar_contract.py::test_an_adapter_holds_no_handle_capable_of_widening_its_scope[microsoft]
tests/test_calendar_contract.py::test_an_adapter_holds_no_handle_capable_of_widening_its_scope[calcom]
tests/test_calendar_contract.py::test_an_adapter_holds_no_handle_capable_of_widening_its_scope[internal]
tests/test_calendar_contract.py::test_the_context_carries_exactly_one_tenant[google]
tests/test_calendar_contract.py::test_the_context_carries_exactly_one_tenant[google_service_account]
tests/test_calendar_contract.py::test_the_context_carries_exactly_one_tenant[microsoft]
tests/test_calendar_contract.py::test_the_context_carries_exactly_one_tenant[calcom]
tests/test_calendar_contract.py::test_the_context_carries_exactly_one_tenant[internal]
tests/test_calendar_contract.py::test_the_idempotency_key_reaches_the_provider_payload[google]
tests/test_calendar_contract.py::test_the_idempotency_key_reaches_the_provider_payload[google_service_account]
tests/test_calendar_contract.py::test_the_idempotency_key_reaches_the_provider_payload[microsoft]
tests/test_calendar_contract.py::test_the_idempotency_key_reaches_the_provider_payload[calcom]
tests/test_calendar_contract.py::test_the_idempotency_key_reaches_the_provider_payload[internal]
tests/test_calendar_contract.py::test_reconciliation_defaults_to_unknown_not_absent[google]
tests/test_calendar_contract.py::test_reconciliation_defaults_to_unknown_not_absent[google_service_account]
tests/test_calendar_contract.py::test_reconciliation_defaults_to_unknown_not_absent[microsoft]
tests/test_calendar_contract.py::test_reconciliation_defaults_to_unknown_not_absent[calcom]
tests/test_calendar_contract.py::test_reconciliation_defaults_to_unknown_not_absent[internal]
tests/test_calendar_contract.py::test_a_created_event_always_carries_an_external_id[google]
tests/test_calendar_contract.py::test_a_created_event_always_carries_an_external_id[google_service_account]
tests/test_calendar_contract.py::test_a_created_event_always_carries_an_external_id[microsoft]
tests/test_calendar_contract.py::test_a_created_event_always_carries_an_external_id[calcom]
tests/test_calendar_contract.py::test_a_created_event_always_carries_an_external_id[internal]
tests/test_calendar_contract.py::test_missing_remote_acknowledgement_never_confirms_an_event[google]
tests/test_calendar_contract.py::test_missing_remote_acknowledgement_never_confirms_an_event[google_service_account]
tests/test_calendar_contract.py::test_missing_remote_acknowledgement_never_confirms_an_event[microsoft]
tests/test_calendar_contract.py::test_missing_remote_acknowledgement_never_confirms_an_event[calcom]
tests/test_calendar_contract.py::test_missing_remote_acknowledgement_never_confirms_an_event[internal]
tests/test_calendar_contract.py::test_cancelling_a_missing_event_is_not_an_error[google]
tests/test_calendar_contract.py::test_cancelling_a_missing_event_is_not_an_error[google_service_account]
tests/test_calendar_contract.py::test_cancelling_a_missing_event_is_not_an_error[microsoft]
tests/test_calendar_contract.py::test_cancelling_a_missing_event_is_not_an_error[calcom]
tests/test_calendar_contract.py::test_cancelling_a_missing_event_is_not_an_error[internal]
tests/test_calendar_contract.py::test_naive_datetimes_are_refused_at_construction[google]
tests/test_calendar_contract.py::test_naive_datetimes_are_refused_at_construction[google_service_account]
tests/test_calendar_contract.py::test_naive_datetimes_are_refused_at_construction[microsoft]
tests/test_calendar_contract.py::test_naive_datetimes_are_refused_at_construction[calcom]
tests/test_calendar_contract.py::test_naive_datetimes_are_refused_at_construction[internal]
tests/test_calendar_contract.py::test_a_payload_transmits_an_unambiguous_instant[google]
tests/test_calendar_contract.py::test_a_payload_transmits_an_unambiguous_instant[google_service_account]
tests/test_calendar_contract.py::test_a_payload_transmits_an_unambiguous_instant[microsoft]
tests/test_calendar_contract.py::test_a_payload_transmits_an_unambiguous_instant[calcom]
tests/test_calendar_contract.py::test_a_payload_transmits_an_unambiguous_instant[internal]
tests/test_calendar_meeting_url_safety.py::test_real_provider_urls_are_preserved_exactly[https://meet.google.com/abc-defg-hij]
tests/test_calendar_meeting_url_safety.py::test_real_provider_urls_are_preserved_exactly[https://teams.microsoft.com/l/meetup-join/19%3ameeting_abc]
tests/test_calendar_meeting_url_safety.py::test_real_provider_urls_are_preserved_exactly[https://calendar.example.com/event/123]
tests/test_calendar_meeting_url_safety.py::test_real_provider_urls_are_preserved_exactly[https://cal.example.com/join?token=a-b_c.d~e&x=1]
tests/test_calendar_meeting_url_safety.py::test_real_provider_urls_are_preserved_exactly[https://example.com:8443/join/room]
tests/test_calendar_meeting_url_safety.py::test_dangerous_or_unusable_urls_become_none[javascript:alert(1)]
tests/test_calendar_meeting_url_safety.py::test_dangerous_or_unusable_urls_become_none[JavaScript:alert(1)]
tests/test_calendar_meeting_url_safety.py::test_dangerous_or_unusable_urls_become_none[  javascript:alert(1)]
tests/test_calendar_meeting_url_safety.py::test_dangerous_or_unusable_urls_become_none[\njavascript:alert(1)]
tests/test_calendar_meeting_url_safety.py::test_dangerous_or_unusable_urls_become_none[\tjavascript:alert(document.domain)]
tests/test_calendar_meeting_url_safety.py::test_dangerous_or_unusable_urls_become_none[data:text/html,<script>alert(1)</script>]
tests/test_calendar_meeting_url_safety.py::test_dangerous_or_unusable_urls_become_none[vbscript:msgbox(1)]
tests/test_calendar_meeting_url_safety.py::test_dangerous_or_unusable_urls_become_none[file:///etc/passwd]
tests/test_calendar_meeting_url_safety.py::test_dangerous_or_unusable_urls_become_none[//evil.example.com/join]
tests/test_calendar_meeting_url_safety.py::test_dangerous_or_unusable_urls_become_none[http://plain.example.com/join]
tests/test_calendar_meeting_url_safety.py::test_dangerous_or_unusable_urls_become_none[ftp://files.example.com/x]
tests/test_calendar_meeting_url_safety.py::test_dangerous_or_unusable_urls_become_none[not a url at all]
tests/test_calendar_meeting_url_safety.py::test_dangerous_or_unusable_urls_become_none[Office, 2nd floor]
tests/test_calendar_meeting_url_safety.py::test_dangerous_or_unusable_urls_become_none[]
tests/test_calendar_meeting_url_safety.py::test_dangerous_or_unusable_urls_become_none[   ]
tests/test_calendar_meeting_url_safety.py::test_dangerous_or_unusable_urls_become_none[https://]
tests/test_calendar_meeting_url_safety.py::test_none_stays_none
tests/test_calendar_meeting_url_safety.py::test_non_string_is_rejected_rather_than_crashing
tests/test_calendar_meeting_url_safety.py::test_normalisation_never_fails_a_booking
tests/test_calendar_meeting_url_safety.py::test_surrounding_whitespace_is_trimmed_on_a_valid_url
tests/test_calendar_providers.py::TestGooglePayload::test_event_body_shape
tests/test_calendar_providers.py::TestGooglePayload::test_utc_plus_zone_name_rather_than_a_local_wall_clock
tests/test_calendar_providers.py::TestGooglePayload::test_the_event_id_is_derived_from_the_idempotency_key
tests/test_calendar_providers.py::TestGooglePayload::test_the_event_id_is_filtered_to_googles_charset
tests/test_calendar_providers.py::TestGooglePayload::test_an_email_attendee_is_invited_and_a_phone_goes_in_the_body
tests/test_calendar_providers.py::TestGooglePayload::test_a_missing_token_is_a_configuration_error
tests/test_calendar_providers.py::TestGoogleFreeBusy::test_busy_periods_are_parsed
tests/test_calendar_providers.py::TestGoogleFreeBusy::test_an_empty_calendar_returns_nothing
tests/test_calendar_providers.py::TestGoogleFreeBusy::test_a_per_calendar_error_raises_rather_than_looking_free
tests/test_calendar_providers.py::TestGoogleFreeBusy::test_a_permission_error_on_one_calendar_raises
tests/test_calendar_providers.py::TestGoogleEvents::test_create_returns_the_event
tests/test_calendar_providers.py::TestGoogleEvents::test_a_409_on_our_own_id_means_already_booked
tests/test_calendar_providers.py::TestGoogleEvents::test_a_409_with_nothing_behind_it_still_conflicts
tests/test_calendar_providers.py::TestGoogleEvents::test_update_does_not_resend_the_immutable_id
tests/test_calendar_providers.py::TestGoogleEvents::test_cancelling_a_missing_event_succeeds
tests/test_calendar_providers.py::TestGoogleEvents::test_a_410_gone_also_counts_as_cancelled
tests/test_calendar_providers.py::TestGoogleEvents::test_a_cancelled_tombstone_is_reported_as_cancelled
tests/test_calendar_providers.py::TestGoogleEvents::test_reconciliation_ignores_a_cancelled_event
tests/test_calendar_providers.py::TestGoogleEvents::test_an_event_with_no_times_is_a_validation_error
tests/test_calendar_providers.py::TestGoogleOAuth::test_refresh_keeps_the_refresh_token_google_omits
tests/test_calendar_providers.py::TestGoogleOAuth::test_a_revoked_grant_is_permanent_not_retryable
tests/test_calendar_providers.py::TestGoogleOAuth::test_refreshing_without_a_client_secret_is_a_config_error
tests/test_calendar_providers.py::TestMicrosoftPayload::test_times_are_naive_utc_with_an_explicit_zone
tests/test_calendar_providers.py::TestMicrosoftPayload::test_utc_is_sent_rather_than_a_windows_zone_name
tests/test_calendar_providers.py::TestMicrosoftPayload::test_the_transaction_id_carries_the_idempotency_key
tests/test_calendar_providers.py::TestMicrosoftPayload::test_the_prefer_header_asks_for_utc_responses
tests/test_calendar_providers.py::TestMicrosoftPayload::test_attendee_shape
tests/test_calendar_providers.py::TestMicrosoftPayload::test_a_shared_mailbox_changes_the_path
tests/test_calendar_providers.py::TestMicrosoftFreeBusy::test_schedule_items_are_parsed
tests/test_calendar_providers.py::TestMicrosoftFreeBusy::test_seven_digit_fractional_seconds_parse
tests/test_calendar_providers.py::TestMicrosoftFreeBusy::test_free_items_are_ignored
tests/test_calendar_providers.py::TestMicrosoftFreeBusy::test_availability_view_is_the_fallback_for_a_restricted_mailbox
tests/test_calendar_providers.py::TestMicrosoftFreeBusy::test_a_per_mailbox_error_raises
tests/test_calendar_providers.py::TestMicrosoftFreeBusy::test_no_schedule_at_all_is_a_validation_error
tests/test_calendar_providers.py::TestMicrosoftFreeBusy::test_free_busy_without_a_mailbox_is_a_config_error
tests/test_calendar_providers.py::TestMicrosoftEvents::test_create
tests/test_calendar_providers.py::TestMicrosoftEvents::test_update_drops_the_create_only_transaction_id
tests/test_calendar_providers.py::TestMicrosoftEvents::test_cancel_falls_back_to_delete
tests/test_calendar_providers.py::TestMicrosoftEvents::test_a_cancelled_event_is_reported_as_such
tests/test_calendar_providers.py::TestMicrosoftEvents::test_reconciliation_matches_on_transaction_id
tests/test_calendar_providers.py::TestMicrosoftEvents::test_a_failed_reconciliation_raises_rather_than_claiming_absence
tests/test_calendar_providers.py::TestMicrosoftEvents::test_reconciliation_skips_a_cancelled_match
tests/test_calendar_providers.py::TestMicrosoftEvents::test_refresh_stores_the_rotated_token
tests/test_calendar_providers.py::TestCalComCapabilities::test_free_busy_is_not_claimed
tests/test_calendar_providers.py::TestCalComCapabilities::test_update_event_is_not_claimed_but_reschedule_is
tests/test_calendar_providers.py::TestCalComCapabilities::test_the_api_version_header_is_sent
tests/test_calendar_providers.py::TestCalComCapabilities::test_a_missing_event_type_is_a_clear_configuration_error
tests/test_calendar_providers.py::TestCalComCapabilities::test_a_non_numeric_event_type_is_rejected
tests/test_calendar_providers.py::TestCalComSlots::test_every_documented_slot_shape_is_accepted[shape0]
tests/test_calendar_providers.py::TestCalComSlots::test_every_documented_slot_shape_is_accepted[shape1]
tests/test_calendar_providers.py::TestCalComSlots::test_every_documented_slot_shape_is_accepted[shape2]
tests/test_calendar_providers.py::TestCalComSlots::test_no_slots_is_an_empty_list
tests/test_calendar_providers.py::TestCalComBooking::test_booking_payload
tests/test_calendar_providers.py::TestCalComBooking::test_booking_without_an_email_is_refused_clearly
tests/test_calendar_providers.py::TestCalComBooking::test_a_status_other_than_success_at_200_is_a_rejection
tests/test_calendar_providers.py::TestCalComBooking::test_no_longer_available_becomes_a_conflict_not_a_validation_error
tests/test_calendar_providers.py::TestCalComBooking::test_reschedule_uses_the_dedicated_endpoint
tests/test_calendar_providers.py::TestCalComBooking::test_cancel_uses_the_cancel_endpoint
tests/test_calendar_providers.py::TestCalComBooking::test_cancelling_an_already_cancelled_booking_is_silent
tests/test_calendar_providers.py::TestCalComBooking::test_reconciliation_matches_on_metadata
tests/test_calendar_providers.py::TestCalComBooking::test_reconciliation_skips_a_cancelled_match
tests/test_calendar_providers.py::TestCalComBooking::test_an_unsupported_capability_is_reported_not_faked
tests/test_calendar_providers.py::TestInternalProvider::test_it_claims_no_free_busy
tests/test_calendar_providers.py::TestInternalProvider::test_the_event_id_is_deterministic_from_the_key
tests/test_calendar_providers.py::TestInternalProvider::test_health_reports_connected
tests/test_calendar_providers.py::TestGoogleServiceAccountProvider::test_it_claims_only_what_the_legacy_client_can_do
tests/test_calendar_providers.py::TestGoogleServiceAccountProvider::test_a_silent_legacy_failure_becomes_a_raise
tests/test_calendar_providers.py::TestGoogleServiceAccountProvider::test_a_missing_calendar_id_is_a_config_error
tests/test_calendar_timezones.py::TestZoneResolution::test_valid_iana_identifiers_resolve[America/New_York]
tests/test_calendar_timezones.py::TestZoneResolution::test_valid_iana_identifiers_resolve[America/Los_Angeles]
tests/test_calendar_timezones.py::TestZoneResolution::test_valid_iana_identifiers_resolve[Asia/Dhaka]
tests/test_calendar_timezones.py::TestZoneResolution::test_valid_iana_identifiers_resolve[Europe/London]
tests/test_calendar_timezones.py::TestZoneResolution::test_valid_iana_identifiers_resolve[UTC]
tests/test_calendar_timezones.py::TestZoneResolution::test_valid_iana_identifiers_resolve[Europe/Berlin]
tests/test_calendar_timezones.py::TestZoneResolution::test_invalid_identifiers_raise_rather_than_defaulting[]
tests/test_calendar_timezones.py::TestZoneResolution::test_invalid_identifiers_raise_rather_than_defaulting[None]
tests/test_calendar_timezones.py::TestZoneResolution::test_invalid_identifiers_raise_rather_than_defaulting[Mars/Olympus]
tests/test_calendar_timezones.py::TestZoneResolution::test_invalid_identifiers_raise_rather_than_defaulting[EST5EDT-nonsense]
tests/test_calendar_timezones.py::TestZoneResolution::test_invalid_identifiers_raise_rather_than_defaulting[America/New York]
tests/test_calendar_timezones.py::TestZoneResolution::test_a_windows_style_name_is_rejected
tests/test_calendar_timezones.py::TestZoneResolution::test_tenant_zone_falls_back_without_raising
tests/test_calendar_timezones.py::TestUtcConversion::test_a_local_time_converts_to_the_right_instant
tests/test_calendar_timezones.py::TestUtcConversion::test_the_same_wall_clock_in_winter_is_a_different_instant
tests/test_calendar_timezones.py::TestUtcConversion::test_a_half_hour_offset_zone_works
tests/test_calendar_timezones.py::TestUtcConversion::test_dhaka_has_no_dst
tests/test_calendar_timezones.py::TestUtcConversion::test_round_trip_is_lossless
tests/test_calendar_timezones.py::TestUtcConversion::test_to_utc_refuses_a_naive_value_with_no_zone
tests/test_calendar_timezones.py::TestUtcConversion::test_to_utc_passes_through_an_aware_value
tests/test_calendar_timezones.py::TestUtcConversion::test_now_utc_is_aware
tests/test_calendar_timezones.py::TestUtcConversion::test_as_utc_attaches_a_zone_to_a_database_read
tests/test_calendar_timezones.py::TestNonexistentTimes::test_a_skipped_local_time_is_detected
tests/test_calendar_timezones.py::TestNonexistentTimes::test_the_reported_gap_is_the_real_transition
tests/test_calendar_timezones.py::TestNonexistentTimes::test_detected_across_zones[America/New_York-moment0-3]
tests/test_calendar_timezones.py::TestNonexistentTimes::test_detected_across_zones[America/Los_Angeles-moment1-3]
tests/test_calendar_timezones.py::TestNonexistentTimes::test_detected_across_zones[Europe/London-moment2-2]
tests/test_calendar_timezones.py::TestNonexistentTimes::test_a_thirty_minute_shift_is_detected
tests/test_calendar_timezones.py::TestNonexistentTimes::test_shift_mode_moves_to_the_first_real_instant
tests/test_calendar_timezones.py::TestNonexistentTimes::test_times_either_side_of_the_gap_are_fine
tests/test_calendar_timezones.py::TestNonexistentTimes::test_a_zone_without_dst_never_reports_a_gap
tests/test_calendar_timezones.py::TestAmbiguousTimes::test_a_doubled_local_time_is_detected
tests/test_calendar_timezones.py::TestAmbiguousTimes::test_both_candidates_are_offered
tests/test_calendar_timezones.py::TestAmbiguousTimes::test_earliest_and_latest_resolve_deterministically
tests/test_calendar_timezones.py::TestAmbiguousTimes::test_raising_is_the_default
tests/test_calendar_timezones.py::TestAmbiguousTimes::test_an_unambiguous_time_is_not_flagged
tests/test_calendar_timezones.py::TestDstArithmetic::test_same_time_tomorrow_survives_spring_forward
tests/test_calendar_timezones.py::TestDstArithmetic::test_same_time_tomorrow_survives_fall_back
tests/test_calendar_timezones.py::TestDstArithmetic::test_a_week_ahead_across_a_transition_keeps_its_hour
tests/test_calendar_timezones.py::TestDstArithmetic::test_no_drift_in_a_zone_without_dst
tests/test_calendar_timezones.py::TestTenantTimezone::test_a_tenant_carries_its_own_zone
tests/test_calendar_timezones.py::TestTenantTimezone::test_two_tenants_interpret_the_same_wall_clock_differently
tests/test_calendar_timezones.py::TestTenantTimezone::test_an_appointment_stores_the_zone_it_was_agreed_in
tests/test_calendar_timezones.py::TestFormatting::test_spoken_times_are_local_and_natural[9-0-9 am]
tests/test_calendar_timezones.py::TestFormatting::test_spoken_times_are_local_and_natural[9-30-9:30 am]
tests/test_calendar_timezones.py::TestFormatting::test_spoken_times_are_local_and_natural[12-0-12 pm]
tests/test_calendar_timezones.py::TestFormatting::test_spoken_times_are_local_and_natural[13-0-1 pm]
tests/test_calendar_timezones.py::TestFormatting::test_spoken_times_are_local_and_natural[15-45-3:45 pm]
tests/test_calendar_timezones.py::TestFormatting::test_spoken_times_are_local_and_natural[0-0-12 am]
tests/test_calendar_timezones.py::TestFormatting::test_spoken_time_uses_the_local_zone_not_utc
tests/test_calendar_timezones.py::TestFormatting::test_parse_clock_accepts_the_shapes_a_model_emits[3-expected0]
tests/test_calendar_timezones.py::TestFormatting::test_parse_clock_accepts_the_shapes_a_model_emits[3pm-expected1]
tests/test_calendar_timezones.py::TestFormatting::test_parse_clock_accepts_the_shapes_a_model_emits[15:30-expected2]
tests/test_calendar_timezones.py::TestFormatting::test_parse_clock_accepts_the_shapes_a_model_emits[10:30 am-expected3]
tests/test_calendar_timezones.py::TestFormatting::test_parse_clock_accepts_the_shapes_a_model_emits[12am-expected4]
tests/test_calendar_timezones.py::TestFormatting::test_parse_clock_accepts_the_shapes_a_model_emits[12pm-expected5]
tests/test_calendar_timezones.py::TestFormatting::test_parse_clock_refuses_nonsense_rather_than_guessing[25]
tests/test_calendar_timezones.py::TestFormatting::test_parse_clock_refuses_nonsense_rather_than_guessing[half past]
tests/test_calendar_timezones.py::TestFormatting::test_parse_clock_refuses_nonsense_rather_than_guessing[]
tests/test_calendar_timezones.py::TestFormatting::test_parse_clock_refuses_nonsense_rather_than_guessing[9:99]
tests/test_calendar_timezones.py::TestFormatting::test_parse_clock_refuses_nonsense_rather_than_guessing[abc]
tests/test_calendar_timezones.py::TestFormatting::test_parse_clock_refuses_nonsense_rather_than_guessing[13pm]
tests/test_calendar_timezones.py::TestFormatting::test_combine_local_builds_an_instant_from_a_date_and_a_time
tests/test_calendar_timezones.py::TestNaturalLanguage::test_relative_days_resolve[tomorrow-expected0]
tests/test_calendar_timezones.py::TestNaturalLanguage::test_relative_days_resolve[today-expected1]
tests/test_calendar_timezones.py::TestNaturalLanguage::test_relative_days_resolve[day after tomorrow-expected2]
tests/test_calendar_timezones.py::TestNaturalLanguage::test_relative_days_resolve[in 3 days-expected3]
tests/test_calendar_timezones.py::TestNaturalLanguage::test_relative_days_resolve[next Tuesday-expected4]
tests/test_calendar_timezones.py::TestNaturalLanguage::test_relative_days_resolve[Friday-expected5]
tests/test_calendar_timezones.py::TestNaturalLanguage::test_relative_days_resolve[this coming Monday-expected6]
tests/test_calendar_timezones.py::TestNaturalLanguage::test_relative_days_resolve[2026-12-24-expected7]
tests/test_calendar_timezones.py::TestNaturalLanguage::test_a_weekday_matching_today_asks_which_one
tests/test_calendar_timezones.py::TestNaturalLanguage::test_times_resolve_including_spoken_words[at 3pm-expected0]
tests/test_calendar_timezones.py::TestNaturalLanguage::test_times_resolve_including_spoken_words[around 10:30-expected1]
tests/test_calendar_timezones.py::TestNaturalLanguage::test_times_resolve_including_spoken_words[half past four-expected2]
tests/test_calendar_timezones.py::TestNaturalLanguage::test_times_resolve_including_spoken_words[quarter to five-expected3]
tests/test_calendar_timezones.py::TestNaturalLanguage::test_times_resolve_including_spoken_words[quarter past nine-expected4]
tests/test_calendar_timezones.py::TestNaturalLanguage::test_times_resolve_including_spoken_words[at noon-expected5]
tests/test_calendar_timezones.py::TestNaturalLanguage::test_times_resolve_including_spoken_words[at midnight-expected6]
tests/test_calendar_timezones.py::TestNaturalLanguage::test_times_resolve_including_spoken_words[at three in the morning-expected7]
tests/test_calendar_timezones.py::TestNaturalLanguage::test_times_resolve_including_spoken_words[at 15:30-expected8]
tests/test_calendar_timezones.py::TestNaturalLanguage::test_an_unqualified_middling_hour_asks
tests/test_calendar_timezones.py::TestNaturalLanguage::test_hours_that_only_make_sense_one_way_are_resolved[at 5-expected0]
tests/test_calendar_timezones.py::TestNaturalLanguage::test_hours_that_only_make_sense_one_way_are_resolved[at 9-expected1]
tests/test_calendar_timezones.py::TestNaturalLanguage::test_part_of_day_disambiguates
tests/test_calendar_timezones.py::TestNaturalLanguage::test_part_of_day_is_extracted[Friday afternoon-afternoon]
tests/test_calendar_timezones.py::TestNaturalLanguage::test_part_of_day_is_extracted[tomorrow morning-morning]
tests/test_calendar_timezones.py::TestNaturalLanguage::test_part_of_day_is_extracted[tonight-evening]
tests/test_calendar_timezones.py::TestNaturalLanguage::test_an_iso_date_does_not_leak_digits_into_the_time
tests/test_calendar_timezones.py::TestNaturalLanguage::test_a_relative_day_count_is_not_read_as_a_time
tests/test_calendar_timezones.py::TestNaturalLanguage::test_unparseable_input_returns_nothing_rather_than_today
tests/test_calendar_timezones.py::TestNaturalLanguage::test_an_explicit_time_argument_wins
tests/test_calendar_timezones.py::TestNaturalLanguage::test_the_relative_day_is_the_business_local_day
tests/test_call_callbacks.py::test_status_webhook_rejects_a_bad_signature_when_verification_is_on
tests/test_call_callbacks.py::test_transfer_status_webhook_rejects_a_bad_signature
tests/test_call_callbacks.py::test_unknown_call_sid_is_acknowledged_but_changes_nothing
tests/test_call_callbacks.py::test_completed_callback_finishes_the_call
tests/test_call_callbacks.py::test_no_answer_and_busy_map_correctly
tests/test_call_callbacks.py::test_unknown_provider_status_does_not_terminate_the_call
tests/test_call_callbacks.py::test_duplicate_completed_callbacks_bill_the_minutes_once
tests/test_call_callbacks.py::test_duplicate_completed_callbacks_are_otherwise_no_ops
tests/test_call_callbacks.py::test_case_a_transfer_then_stream_close_then_completed_then_dial_callback
tests/test_call_callbacks.py::test_case_b_dial_callback_then_completed
tests/test_call_callbacks.py::test_case_c_no_answer_after_another_terminal_callback
tests/test_call_callbacks.py::test_case_d_duplicate_completed_callbacks
tests/test_call_callbacks.py::test_call_ending_while_still_dialing_marks_the_transfer_failed
tests/test_call_callbacks.py::test_busy_human_leg_leaves_the_customer_call_alive
tests/test_call_callbacks.py::test_out_of_order_dial_callback_before_any_transfer_is_ignored
tests/test_call_callbacks.py::test_duplicate_callbacks_do_not_regrade_a_lead
tests/test_call_callbacks.py::test_provider_reported_failure_is_not_overridden_by_a_later_connect
tests/test_call_callbacks.py::test_outbound_answer_webhook_requires_a_signature
tests/test_call_callbacks.py::test_outbound_answer_works_in_development
tests/test_call_state.py::test_legal_transitions_are_applied[ringing-in_progress]
tests/test_call_state.py::test_legal_transitions_are_applied[ringing-no_answer]
tests/test_call_state.py::test_legal_transitions_are_applied[ringing-failed]
tests/test_call_state.py::test_legal_transitions_are_applied[ringing-cancelled]
tests/test_call_state.py::test_legal_transitions_are_applied[in_progress-completed]
tests/test_call_state.py::test_legal_transitions_are_applied[in_progress-transferred]
tests/test_call_state.py::test_legal_transitions_are_applied[in_progress-failed]
tests/test_call_state.py::test_legal_transitions_are_applied[transferred-completed]
tests/test_call_state.py::test_legal_transitions_are_applied[transferred-failed]
tests/test_call_state.py::test_illegal_transitions_are_rejected[completed-ringing]
tests/test_call_state.py::test_illegal_transitions_are_rejected[completed-in_progress]
tests/test_call_state.py::test_illegal_transitions_are_rejected[failed-in_progress]
tests/test_call_state.py::test_illegal_transitions_are_rejected[failed-completed]
tests/test_call_state.py::test_illegal_transitions_are_rejected[no_answer-in_progress]
tests/test_call_state.py::test_illegal_transitions_are_rejected[cancelled-in_progress]
tests/test_call_state.py::test_illegal_transitions_are_rejected[in_progress-ringing]
tests/test_call_state.py::test_illegal_transitions_are_rejected[transferred-in_progress]
tests/test_call_state.py::test_illegal_transitions_are_rejected[transferred-ringing]
tests/test_call_state.py::test_terminal_states_are_terminal
tests/test_call_state.py::test_every_status_has_a_transition_entry
tests/test_call_state.py::test_duplicate_status_is_a_no_op_but_not_an_error
tests/test_call_state.py::test_repeated_completed_callbacks_keep_one_ended_at
tests/test_call_state.py::test_terminal_state_survives_a_stale_callback
tests/test_call_state.py::test_duration_never_shrinks
tests/test_call_state.py::test_ended_at_can_be_supplied_explicitly
tests/test_call_state.py::test_non_terminal_transition_does_not_set_ended_at
tests/test_call_state.py::test_provider_status_mapping[completed-completed]
tests/test_call_state.py::test_provider_status_mapping[no-answer-no_answer]
tests/test_call_state.py::test_provider_status_mapping[busy-failed]
tests/test_call_state.py::test_provider_status_mapping[failed-failed]
tests/test_call_state.py::test_provider_status_mapping[canceled-cancelled]
tests/test_call_state.py::test_provider_status_mapping[cancelled-cancelled]
tests/test_call_state.py::test_provider_status_mapping[in-progress-in_progress]
tests/test_call_state.py::test_provider_status_mapping[ringing-ringing]
tests/test_call_state.py::test_provider_status_mapping[queued-ringing]
tests/test_call_state.py::test_provider_status_mapping[initiated-ringing]
tests/test_call_state.py::test_provider_status_mapping[COMPLETED-completed]
tests/test_call_state.py::test_provider_status_mapping[ busy -failed]
tests/test_call_state.py::test_unknown_provider_status_maps_to_nothing[]
tests/test_call_state.py::test_unknown_provider_status_maps_to_nothing[None]
tests/test_call_state.py::test_unknown_provider_status_maps_to_nothing[wat]
tests/test_call_state.py::test_unknown_provider_status_maps_to_nothing[in-progresss]
tests/test_call_state.py::test_unknown_provider_status_maps_to_nothing[hangup]
tests/test_call_state.py::test_unknown_provider_status_cannot_terminate_a_live_call
tests/test_call_state.py::test_failure_reason_is_recorded_for_bad_endings
tests/test_call_state.py::test_failure_reason_is_not_set_on_a_clean_completion
tests/test_call_state.py::test_can_transition_allows_self
tests/test_campaign_release_compatibility.py::test_migration_heads_reports_exactly_the_current_head
tests/test_campaign_release_compatibility.py::test_migration_file_declares_the_correct_chain
tests/test_campaign_release_compatibility.py::test_previous_head_file_exists_and_is_revised_exactly_once
tests/test_campaign_release_compatibility.py::test_release_facts_report_the_current_head_without_drift
tests/test_campaign_release_compatibility.py::test_a_stale_recorded_head_is_still_detected_as_drift
tests/test_campaign_release_compatibility.py::test_no_stale_head_expectations_in_active_campaign_release_code
tests/test_channels.py::test_strip_whatsapp_prefix
tests/test_channels.py::test_strip_leaves_plain_sms_alone
tests/test_channels.py::test_detect_channel[whatsapp:+15551234567-whatsapp]
tests/test_channels.py::test_detect_channel[+15551234567-sms]
tests/test_channels.py::test_stop_variants_are_recognised[STOP]
tests/test_channels.py::test_stop_variants_are_recognised[ stop ]
tests/test_channels.py::test_stop_variants_are_recognised[Stop!]
tests/test_channels.py::test_stop_variants_are_recognised[STOPALL]
tests/test_channels.py::test_stop_variants_are_recognised[unsubscribe]
tests/test_channels.py::test_start_and_help_are_recognised
tests/test_channels.py::test_normal_sentence_is_not_a_keyword
tests/test_channels.py::test_stop_inside_a_sentence_is_not_an_opt_out
tests/test_channels.py::test_opt_out_confirmation_tells_them_how_to_return
tests/test_channels.py::test_help_text_includes_stop_instruction
tests/test_channels.py::test_long_sms_is_trimmed_at_a_sentence_boundary
tests/test_channels.py::test_short_sms_is_untouched
tests/test_channels.py::test_whatsapp_is_not_trimmed
tests/test_channels.py::test_sms_rules_forbid_markdown_and_cap_length
tests/test_channels.py::test_whatsapp_rules_allow_bold_but_not_tables
tests/test_channels.py::test_a_construction_failure_answers_the_customer_instead_of_500
tests/test_channels.py::test_a_contract_error_is_logged_as_our_bug_not_as_a_provider_error
tests/test_channels.py::test_a_provider_error_is_categorised_logged_and_counted
tests/test_channels.py::test_neither_secrets_nor_the_customers_words_reach_the_logs
tests/test_channels.py::test_the_failed_turn_is_still_saved_so_the_conversation_survives
tests/test_channels.py::test_production_construction_is_unaffected_by_the_logging_change
tests/test_chaos.py::test_chaos_middleware_is_noop_when_disabled
tests/test_chaos.py::test_chaos_middleware_is_noop_in_production
tests/test_chaos.py::test_matching_is_exact_path_only
tests/test_chaos.py::test_chaos_injects_error_on_matching_path
tests/test_chaos.py::test_chaos_injects_fixed_latency
tests/test_chaos.py::test_chaos_ignores_unknown_effect
tests/test_chaos.py::test_chaos_malformed_rules_are_inert
tests/test_compliance.py::test_banned_content_is_blocked[Get your CBD oil today]
tests/test_compliance.py::test_banned_content_is_blocked[Fast payday loan approval]
tests/test_compliance.py::test_banned_content_is_blocked[Join our casino tonight]
tests/test_compliance.py::test_banned_content_is_blocked[Best vape deals]
tests/test_compliance.py::test_normal_appointment_message_passes
tests/test_compliance.py::test_url_shortener_is_blocked
tests/test_compliance.py::test_branded_domain_is_allowed
tests/test_compliance.py::test_empty_message_is_an_error
tests/test_compliance.py::test_first_message_without_stop_is_a_warning_not_a_block
tests/test_compliance.py::test_oversized_message_is_blocked
tests/test_compliance.py::test_short_gsm_message_is_one_segment
tests/test_compliance.py::test_161_gsm_chars_becomes_two_segments
tests/test_compliance.py::test_emoji_switches_to_ucs2_and_shrinks_capacity
tests/test_compliance.py::test_71_unicode_chars_becomes_two_segments
tests/test_compliance.py::test_accented_latin_stays_gsm7
tests/test_compliance.py::test_empty_message_is_zero_segments
tests/test_compliance.py::test_opt_out_footer_is_appended_when_missing
tests/test_compliance.py::test_opt_out_footer_is_not_duplicated
tests/test_compliance.py::test_checklist_is_ordered_and_assigns_owners
tests/test_compliance.py::test_sample_messages_pass_our_own_validator
tests/test_config.py::test_default_development_settings_load
tests/test_config.py::test_environment_variable_override_is_honoured
tests/test_config.py::test_development_defaults_report_known_problems
tests/test_config.py::test_fully_configured_production_is_clean
tests/test_config.py::test_production_refuses_default_jwt_secret
tests/test_config.py::test_production_refuses_insecure_base_url
tests/test_config.py::test_production_refuses_missing_twilio_token
tests/test_config.py::test_production_refuses_twilio_verify_bypass
tests/test_config.py::test_production_refuses_missing_crm_encryption_keys
tests/test_config.py::test_production_refuses_hashing_embedder
tests/test_config.py::test_production_refuses_test_stripe_key
tests/test_config.py::test_stripe_provider_requires_secrets
tests/test_config.py::test_invalid_billing_provider_is_rejected
tests/test_config.py::test_cors_origin_list_is_parsed
tests/test_config.py::test_wildcard_cors_is_rejected_when_credentials_allowed
tests/test_contracts.py::test_contracts_exist
tests/test_contracts.py::test_enum_vocabulary_matches_models
tests/test_contracts.py::test_every_operational_message_is_tenant_scoped
tests/test_contracts.py::test_shared_primitives_are_exactly_the_allowlist
tests/test_correlation_and_redaction.py::test_secret_key_names_are_redacted
tests/test_correlation_and_redaction.py::test_redact_masks_key_values_recursively
tests/test_correlation_and_redaction.py::test_redact_masks_configured_secret_values
tests/test_correlation_and_redaction.py::test_redact_passes_through_scalars
tests/test_correlation_and_redaction.py::test_redact_handles_lists
tests/test_correlation_and_redaction.py::test_correlation_scope_binds_and_restores
tests/test_correlation_and_redaction.py::test_correlation_scope_ignores_none_values
tests/test_correlation_and_redaction.py::test_correlation_scope_truncates_long_values
tests/test_correlation_and_redaction.py::test_correlation_scope_with_no_fields_is_a_noop
tests/test_correlation_and_redaction.py::test_a_provider_failure_logs_the_safe_message_and_nothing_else
tests/test_correlation_and_redaction.py::test_a_contract_failure_logs_its_real_type_and_is_not_a_provider_error
tests/test_correlation_and_redaction.py::test_a_secret_that_reaches_a_log_value_is_masked_by_the_pipeline
tests/test_cost.py::test_price_lookup_voice_minute
tests/test_cost.py::test_price_lookup_voice_minute_with_prices
tests/test_cost.py::test_price_lookup_sms_segment
tests/test_cost.py::test_llm_price_is_per_thousand_tokens_divided_down
tests/test_cost.py::test_llm_provider_specific_price_wins
tests/test_cost.py::test_tts_price_per_char
tests/test_cost.py::test_unknown_price_is_none_not_zero
tests/test_cost.py::test_cost_line_known
tests/test_cost.py::test_cost_line_unknown_marks_clearly
tests/test_cost.py::test_record_cost_emits_and_returns_line
tests/test_cost.py::test_malformed_price_json_degrades_to_unknown
tests/test_cost.py::test_non_object_price_json_degrades_to_unknown
tests/test_cost.py::test_unknown_resource_has_no_price
tests/test_cost.py::test_call_cost_breakdown_returns_secret_free_dict
tests/test_crm_contract.py::test_every_provider_type_has_a_registered_adapter[gohighlevel]
tests/test_crm_contract.py::test_every_provider_type_has_a_registered_adapter[hubspot]
tests/test_crm_contract.py::test_every_provider_type_has_a_registered_adapter[jobber]
tests/test_crm_contract.py::test_every_provider_type_has_a_registered_adapter[webhook]
tests/test_crm_contract.py::test_adapter_name_matches_the_enum_value[gohighlevel]
tests/test_crm_contract.py::test_adapter_name_matches_the_enum_value[hubspot]
tests/test_crm_contract.py::test_adapter_name_matches_the_enum_value[jobber]
tests/test_crm_contract.py::test_adapter_name_matches_the_enum_value[webhook]
tests/test_crm_contract.py::test_adapter_subclasses_the_base[gohighlevel]
tests/test_crm_contract.py::test_adapter_subclasses_the_base[hubspot]
tests/test_crm_contract.py::test_adapter_subclasses_the_base[jobber]
tests/test_crm_contract.py::test_adapter_subclasses_the_base[webhook]
tests/test_crm_contract.py::test_declared_capabilities_are_actually_implemented[gohighlevel]
tests/test_crm_contract.py::test_declared_capabilities_are_actually_implemented[hubspot]
tests/test_crm_contract.py::test_declared_capabilities_are_actually_implemented[jobber]
tests/test_crm_contract.py::test_declared_capabilities_are_actually_implemented[webhook]
tests/test_crm_contract.py::test_undeclared_capabilities_raise_unsupported_cleanly[gohighlevel]
tests/test_crm_contract.py::test_undeclared_capabilities_raise_unsupported_cleanly[hubspot]
tests/test_crm_contract.py::test_undeclared_capabilities_raise_unsupported_cleanly[jobber]
tests/test_crm_contract.py::test_undeclared_capabilities_raise_unsupported_cleanly[webhook]
tests/test_crm_contract.py::test_http_status_maps_to_the_same_error_class_for_every_provider[401-CrmAuthError-False-gohighlevel]
tests/test_crm_contract.py::test_http_status_maps_to_the_same_error_class_for_every_provider[401-CrmAuthError-False-hubspot]
tests/test_crm_contract.py::test_http_status_maps_to_the_same_error_class_for_every_provider[401-CrmAuthError-False-jobber]
tests/test_crm_contract.py::test_http_status_maps_to_the_same_error_class_for_every_provider[401-CrmAuthError-False-webhook]
tests/test_crm_contract.py::test_http_status_maps_to_the_same_error_class_for_every_provider[403-CrmAuthError-False-gohighlevel]
tests/test_crm_contract.py::test_http_status_maps_to_the_same_error_class_for_every_provider[403-CrmAuthError-False-hubspot]
tests/test_crm_contract.py::test_http_status_maps_to_the_same_error_class_for_every_provider[403-CrmAuthError-False-jobber]
tests/test_crm_contract.py::test_http_status_maps_to_the_same_error_class_for_every_provider[403-CrmAuthError-False-webhook]
tests/test_crm_contract.py::test_http_status_maps_to_the_same_error_class_for_every_provider[404-CrmError-False-gohighlevel]
tests/test_crm_contract.py::test_http_status_maps_to_the_same_error_class_for_every_provider[404-CrmError-False-hubspot]
tests/test_crm_contract.py::test_http_status_maps_to_the_same_error_class_for_every_provider[404-CrmError-False-jobber]
tests/test_crm_contract.py::test_http_status_maps_to_the_same_error_class_for_every_provider[404-CrmError-False-webhook]
tests/test_crm_contract.py::test_http_status_maps_to_the_same_error_class_for_every_provider[422-CrmValidationError-False-gohighlevel]
tests/test_crm_contract.py::test_http_status_maps_to_the_same_error_class_for_every_provider[422-CrmValidationError-False-hubspot]
tests/test_crm_contract.py::test_http_status_maps_to_the_same_error_class_for_every_provider[422-CrmValidationError-False-jobber]
tests/test_crm_contract.py::test_http_status_maps_to_the_same_error_class_for_every_provider[422-CrmValidationError-False-webhook]
tests/test_crm_contract.py::test_http_status_maps_to_the_same_error_class_for_every_provider[429-CrmRateLimited-True-gohighlevel]
tests/test_crm_contract.py::test_http_status_maps_to_the_same_error_class_for_every_provider[429-CrmRateLimited-True-hubspot]
tests/test_crm_contract.py::test_http_status_maps_to_the_same_error_class_for_every_provider[429-CrmRateLimited-True-jobber]
tests/test_crm_contract.py::test_http_status_maps_to_the_same_error_class_for_every_provider[429-CrmRateLimited-True-webhook]
tests/test_crm_contract.py::test_http_status_maps_to_the_same_error_class_for_every_provider[500-CrmServerError-True-gohighlevel]
tests/test_crm_contract.py::test_http_status_maps_to_the_same_error_class_for_every_provider[500-CrmServerError-True-hubspot]
tests/test_crm_contract.py::test_http_status_maps_to_the_same_error_class_for_every_provider[500-CrmServerError-True-jobber]
tests/test_crm_contract.py::test_http_status_maps_to_the_same_error_class_for_every_provider[500-CrmServerError-True-webhook]
tests/test_crm_contract.py::test_http_status_maps_to_the_same_error_class_for_every_provider[502-CrmServerError-True-gohighlevel]
tests/test_crm_contract.py::test_http_status_maps_to_the_same_error_class_for_every_provider[502-CrmServerError-True-hubspot]
tests/test_crm_contract.py::test_http_status_maps_to_the_same_error_class_for_every_provider[502-CrmServerError-True-jobber]
tests/test_crm_contract.py::test_http_status_maps_to_the_same_error_class_for_every_provider[502-CrmServerError-True-webhook]
tests/test_crm_contract.py::test_http_status_maps_to_the_same_error_class_for_every_provider[503-CrmServerError-True-gohighlevel]
tests/test_crm_contract.py::test_http_status_maps_to_the_same_error_class_for_every_provider[503-CrmServerError-True-hubspot]
tests/test_crm_contract.py::test_http_status_maps_to_the_same_error_class_for_every_provider[503-CrmServerError-True-jobber]
tests/test_crm_contract.py::test_http_status_maps_to_the_same_error_class_for_every_provider[503-CrmServerError-True-webhook]
tests/test_crm_contract.py::test_timeouts_become_retryable_crm_timeouts[gohighlevel]
tests/test_crm_contract.py::test_timeouts_become_retryable_crm_timeouts[hubspot]
tests/test_crm_contract.py::test_timeouts_become_retryable_crm_timeouts[jobber]
tests/test_crm_contract.py::test_timeouts_become_retryable_crm_timeouts[webhook]
tests/test_crm_contract.py::test_connection_errors_become_retryable[gohighlevel]
tests/test_crm_contract.py::test_connection_errors_become_retryable[hubspot]
tests/test_crm_contract.py::test_connection_errors_become_retryable[jobber]
tests/test_crm_contract.py::test_connection_errors_become_retryable[webhook]
tests/test_crm_contract.py::test_no_httpx_exception_ever_escapes_an_adapter[gohighlevel]
tests/test_crm_contract.py::test_no_httpx_exception_ever_escapes_an_adapter[hubspot]
tests/test_crm_contract.py::test_no_httpx_exception_ever_escapes_an_adapter[jobber]
tests/test_crm_contract.py::test_no_httpx_exception_ever_escapes_an_adapter[webhook]
tests/test_crm_contract.py::test_the_configured_timeout_reaches_the_http_client[gohighlevel]
tests/test_crm_contract.py::test_the_configured_timeout_reaches_the_http_client[hubspot]
tests/test_crm_contract.py::test_the_configured_timeout_reaches_the_http_client[jobber]
tests/test_crm_contract.py::test_the_configured_timeout_reaches_the_http_client[webhook]
tests/test_crm_contract.py::test_the_provider_context_repr_hides_credentials[gohighlevel]
tests/test_crm_contract.py::test_the_provider_context_repr_hides_credentials[hubspot]
tests/test_crm_contract.py::test_the_provider_context_repr_hides_credentials[jobber]
tests/test_crm_contract.py::test_the_provider_context_repr_hides_credentials[webhook]
tests/test_crm_contract.py::test_credentials_never_appear_in_a_raised_error[gohighlevel]
tests/test_crm_contract.py::test_credentials_never_appear_in_a_raised_error[hubspot]
tests/test_crm_contract.py::test_credentials_never_appear_in_a_raised_error[jobber]
tests/test_crm_contract.py::test_credentials_never_appear_in_a_raised_error[webhook]
tests/test_crm_contract.py::test_a_401_body_is_never_included_in_the_error_message[gohighlevel]
tests/test_crm_contract.py::test_a_401_body_is_never_included_in_the_error_message[hubspot]
tests/test_crm_contract.py::test_a_401_body_is_never_included_in_the_error_message[jobber]
tests/test_crm_contract.py::test_a_401_body_is_never_included_in_the_error_message[webhook]
tests/test_crm_contract.py::test_a_health_check_never_raises_and_never_leaks[gohighlevel]
tests/test_crm_contract.py::test_a_health_check_never_raises_and_never_leaks[hubspot]
tests/test_crm_contract.py::test_a_health_check_never_raises_and_never_leaks[jobber]
tests/test_crm_contract.py::test_a_health_check_never_raises_and_never_leaks[webhook]
tests/test_crm_contract.py::test_an_adapter_holds_no_handle_capable_of_widening_its_scope[gohighlevel]
tests/test_crm_contract.py::test_an_adapter_holds_no_handle_capable_of_widening_its_scope[hubspot]
tests/test_crm_contract.py::test_an_adapter_holds_no_handle_capable_of_widening_its_scope[jobber]
tests/test_crm_contract.py::test_an_adapter_holds_no_handle_capable_of_widening_its_scope[webhook]
tests/test_crm_contract.py::test_the_context_carries_exactly_one_tenant[gohighlevel]
tests/test_crm_contract.py::test_the_context_carries_exactly_one_tenant[hubspot]
tests/test_crm_contract.py::test_the_context_carries_exactly_one_tenant[jobber]
tests/test_crm_contract.py::test_the_context_carries_exactly_one_tenant[webhook]
tests/test_crm_contract.py::test_a_successful_write_always_returns_an_external_id[gohighlevel]
tests/test_crm_contract.py::test_a_successful_write_always_returns_an_external_id[hubspot]
tests/test_crm_contract.py::test_a_successful_write_always_returns_an_external_id[jobber]
tests/test_crm_contract.py::test_a_successful_write_always_returns_an_external_id[webhook]
tests/test_crm_contract.py::test_a_success_response_with_no_id_is_a_failure_not_a_success[gohighlevel]
tests/test_crm_contract.py::test_a_success_response_with_no_id_is_a_failure_not_a_success[hubspot]
tests/test_crm_contract.py::test_a_success_response_with_no_id_is_a_failure_not_a_success[jobber]
tests/test_crm_contract.py::test_a_success_response_with_no_id_is_a_failure_not_a_success[webhook]
tests/test_crm_credentials.py::test_credentials_survive_a_round_trip
tests/test_crm_credentials.py::test_the_plaintext_token_is_not_present_in_the_ciphertext
tests/test_crm_credentials.py::test_every_encryption_uses_a_fresh_nonce
tests/test_crm_credentials.py::test_the_envelope_records_which_key_wrote_it
tests/test_crm_credentials.py::test_a_tampered_ciphertext_fails_to_decrypt
tests/test_crm_credentials.py::test_a_malformed_envelope_is_rejected
tests/test_crm_credentials.py::test_a_ciphertext_from_a_retired_key_reports_why
tests/test_crm_credentials.py::test_ciphertext_copied_to_another_tenant_will_not_decrypt
tests/test_crm_credentials.py::test_ciphertext_moved_to_another_provider_will_not_decrypt
tests/test_crm_credentials.py::test_key_rotation_keeps_old_ciphertext_readable
tests/test_crm_credentials.py::test_a_bare_key_with_no_id_is_accepted
tests/test_crm_credentials.py::test_invalid_key_configuration_is_rejected_loudly[]
tests/test_crm_credentials.py::test_invalid_key_configuration_is_rejected_loudly[   ]
tests/test_crm_credentials.py::test_invalid_key_configuration_is_rejected_loudly[k1:not-valid-base64!!!]
tests/test_crm_credentials.py::test_invalid_key_configuration_is_rejected_loudly[k1:c2hvcnQ=]
tests/test_crm_credentials.py::test_invalid_key_configuration_is_rejected_loudly[space-in-key-id]
tests/test_crm_credentials.py::test_duplicate_key_ids_are_rejected
tests/test_crm_credentials.py::test_a_key_ring_never_prints_key_material
tests/test_crm_credentials.py::test_generated_keys_are_the_right_size_and_random
tests/test_crm_credentials.py::test_production_refuses_to_boot_without_an_encryption_key
tests/test_crm_credentials.py::test_a_malformed_encryption_key_is_a_boot_failure
tests/test_crm_credentials.py::test_development_without_a_key_is_allowed
tests/test_crm_credentials.py::test_key_ring_from_settings_returns_none_when_unconfigured
tests/test_crm_credentials.py::test_the_stored_row_contains_ciphertext_not_the_token
tests/test_crm_credentials.py::test_no_secret_survives_json_serialization_of_the_api_model
tests/test_crm_credentials.py::test_the_api_model_has_no_field_that_could_carry_a_secret
tests/test_crm_idempotency.py::test_the_key_is_derived_from_the_business_fact_not_generated
tests/test_crm_idempotency.py::test_different_event_types_on_one_entity_get_different_keys
tests/test_crm_idempotency.py::test_a_discriminator_separates_genuinely_repeatable_facts
tests/test_crm_idempotency.py::test_emitting_the_same_event_twice_creates_one_event
tests/test_crm_idempotency.py::test_a_duplicate_event_produces_no_second_sync
tests/test_crm_idempotency.py::test_two_tenants_can_hold_the_same_idempotency_key
tests/test_crm_idempotency.py::test_a_duplicate_event_creates_only_one_crm_contact
tests/test_crm_idempotency.py::test_a_provider_timeout_after_acceptance_does_not_duplicate
tests/test_crm_idempotency.py::test_a_second_call_from_the_same_number_updates_the_same_contact
tests/test_crm_idempotency.py::test_the_same_number_in_two_tenants_stays_two_contacts
tests/test_crm_idempotency.py::test_a_worker_restart_mid_flight_is_safe
tests/test_crm_idempotency.py::test_a_second_worker_pass_over_a_synced_row_does_nothing
tests/test_crm_idempotency.py::test_transient_errors_are_retryable_and_permanent_ones_are_not
tests/test_crm_idempotency.py::test_a_permanent_error_stops_immediately_even_on_the_first_attempt
tests/test_crm_idempotency.py::test_attempts_are_bounded
tests/test_crm_idempotency.py::test_backoff_grows_exponentially
tests/test_crm_idempotency.py::test_backoff_is_capped
tests/test_crm_idempotency.py::test_jitter_spreads_retries
tests/test_crm_idempotency.py::test_a_providers_retry_after_wins_when_it_is_longer
tests/test_crm_idempotency.py::test_our_backoff_wins_when_it_is_longer_than_retry_after
tests/test_crm_idempotency.py::test_retry_settings_come_from_configuration
tests/test_crm_idempotency.py::test_a_500_schedules_a_retry_and_keeps_the_sync_recoverable
tests/test_crm_idempotency.py::test_a_401_fails_permanently_without_burning_attempts
tests/test_crm_idempotency.py::test_a_422_fails_permanently
tests/test_crm_idempotency.py::test_repeated_transient_failures_eventually_give_up
tests/test_crm_idempotency.py::test_a_429_reads_retry_after
tests/test_crm_idempotency.py::test_an_absurd_retry_after_is_capped
tests/test_crm_idempotency.py::test_a_garbage_retry_after_falls_back_to_our_own_backoff
tests/test_crm_idempotency.py::test_the_token_bucket_allows_a_burst_then_throttles
tests/test_crm_idempotency.py::test_the_bucket_refills_over_time
tests/test_crm_idempotency.py::test_one_tenant_cannot_exhaust_another_tenants_budget
tests/test_crm_idempotency.py::test_buckets_are_per_provider_as_well_as_per_tenant
tests/test_crm_idempotency.py::test_a_throttled_sync_is_rescheduled_not_failed
tests/test_crm_mapping.py::TestMappingValidation::test_a_valid_mapping_is_accepted
tests/test_crm_mapping.py::TestMappingValidation::test_an_empty_mapping_is_fine
tests/test_crm_mapping.py::TestMappingValidation::test_an_unknown_source_is_rejected
tests/test_crm_mapping.py::TestMappingValidation::test_the_allowlist_covers_the_examples_the_brief_named
tests/test_crm_mapping.py::TestMappingValidation::test_too_many_mappings_are_rejected
tests/test_crm_mapping.py::TestMappingValidation::test_an_overlong_key_is_rejected
tests/test_crm_mapping.py::TestMappingValidation::test_a_non_string_source_is_rejected
tests/test_crm_mapping.py::TestMappingValidation::test_an_empty_key_is_rejected
tests/test_crm_mapping.py::TestMappingValidation::test_a_non_dict_is_rejected
tests/test_crm_mapping.py::TestMappingResolution::test_values_are_pulled_from_the_named_sources
tests/test_crm_mapping.py::TestMappingResolution::test_a_missing_source_is_skipped_not_sent_as_null
tests/test_crm_mapping.py::TestMappingResolution::test_an_empty_value_is_skipped
tests/test_crm_mapping.py::TestMappingResolution::test_booleans_become_provider_friendly_strings
tests/test_crm_mapping.py::TestMappingResolution::test_numbers_stay_numbers
tests/test_crm_mapping.py::TestMappingResolution::test_an_enormous_value_is_truncated_at_send_time
tests/test_crm_mapping.py::TestMappingResolution::test_an_unmapped_source_is_never_sent
tests/test_crm_mapping.py::TestIdentity::test_phone_normalization_makes_formats_comparable[+1 (555) 010-2000-5550102000]
tests/test_crm_mapping.py::TestIdentity::test_phone_normalization_makes_formats_comparable[+15550102000-5550102000]
tests/test_crm_mapping.py::TestIdentity::test_phone_normalization_makes_formats_comparable[555-010-2000-5550102000]
tests/test_crm_mapping.py::TestIdentity::test_phone_normalization_makes_formats_comparable[15550102000-5550102000]
tests/test_crm_mapping.py::TestIdentity::test_phone_normalization_makes_formats_comparable[-None]
tests/test_crm_mapping.py::TestIdentity::test_phone_normalization_makes_formats_comparable[None-None]
tests/test_crm_mapping.py::TestIdentity::test_a_non_us_number_keeps_its_country_code
tests/test_crm_mapping.py::TestIdentity::test_email_normalization
tests/test_crm_mapping.py::TestIdentity::test_the_same_person_hashes_the_same_within_a_tenant
tests/test_crm_mapping.py::TestIdentity::test_the_same_person_hashes_differently_across_tenants
tests/test_crm_mapping.py::TestIdentity::test_phone_is_preferred_over_email
tests/test_crm_mapping.py::TestIdentity::test_no_identity_at_all_hashes_to_none
tests/test_crm_mapping.py::TestIdentity::test_the_hash_is_not_the_raw_number
tests/test_crm_mapping.py::TestNameSplitting::test_split[Jane Doe-expected0]
tests/test_crm_mapping.py::TestNameSplitting::test_split[Jane van der Berg-expected1]
tests/test_crm_mapping.py::TestNameSplitting::test_split[Madonna-expected2]
tests/test_crm_mapping.py::TestNameSplitting::test_split[-expected3]
tests/test_crm_mapping.py::TestNameSplitting::test_split[   -expected4]
tests/test_crm_mapping.py::TestNameSplitting::test_full_name_reassembles
tests/test_crm_mapping.py::TestCallMapping::test_inbound_uses_the_caller_as_the_contact
tests/test_crm_mapping.py::TestCallMapping::test_outbound_uses_the_person_we_rang
tests/test_crm_mapping.py::TestCallMapping::test_tags_come_from_a_fixed_vocabulary
tests/test_crm_mapping.py::TestCallMapping::test_tags_are_deduplicated
tests/test_crm_mapping.py::TestCallMapping::test_a_transferred_call_is_tagged
tests/test_crm_mapping.py::TestLeadMapping::test_contact_from_lead
tests/test_crm_providers.py::TestGoHighLevelMapping::test_contact_payload_shape
tests/test_crm_providers.py::TestGoHighLevelMapping::test_email_is_lowercased
tests/test_crm_providers.py::TestGoHighLevelMapping::test_a_nameless_caller_gets_a_placeholder_not_a_blank
tests/test_crm_providers.py::TestGoHighLevelMapping::test_custom_fields_use_key_form_for_readable_names
tests/test_crm_providers.py::TestGoHighLevelMapping::test_custom_fields_use_id_form_for_ghl_object_ids
tests/test_crm_providers.py::TestGoHighLevelMapping::test_lead_score_is_added_when_not_already_mapped
tests/test_crm_providers.py::TestGoHighLevelMapping::test_a_missing_location_id_is_a_configuration_error_not_a_crash
tests/test_crm_providers.py::TestGoHighLevelMapping::test_a_missing_token_is_a_configuration_error
tests/test_crm_providers.py::TestGoHighLevelRequests::test_the_version_header_is_always_sent
tests/test_crm_providers.py::TestGoHighLevelRequests::test_upsert_hits_the_upsert_endpoint
tests/test_crm_providers.py::TestGoHighLevelRequests::test_a_404_on_upsert_falls_back_to_search_then_create
tests/test_crm_providers.py::TestGoHighLevelRequests::test_the_fallback_updates_when_the_contact_already_exists
tests/test_crm_providers.py::TestGoHighLevelRequests::test_update_does_not_resend_location_id
tests/test_crm_providers.py::TestGoHighLevelRequests::test_a_200_with_no_contact_id_is_treated_as_a_failure
tests/test_crm_providers.py::TestGoHighLevelRequests::test_appointment_needs_a_calendar
tests/test_crm_providers.py::TestGoHighLevelRequests::test_appointment_payload
tests/test_crm_providers.py::TestGoHighLevelRequests::test_tags_endpoint
tests/test_crm_providers.py::TestGoHighLevelRequests::test_empty_tags_makes_no_request
tests/test_crm_providers.py::TestGoHighLevelRequests::test_error_mapping[401-CrmAuthError]
tests/test_crm_providers.py::TestGoHighLevelRequests::test_error_mapping[429-CrmRateLimited]
tests/test_crm_providers.py::TestGoHighLevelRequests::test_error_mapping[422-CrmValidationError]
tests/test_crm_providers.py::TestGoHighLevelRequests::test_error_mapping[500-CrmServerError]
tests/test_crm_providers.py::TestHubSpotMapping::test_property_names_are_hubspot_style
tests/test_crm_providers.py::TestHubSpotMapping::test_custom_fields_can_override_defaults
tests/test_crm_providers.py::TestHubSpotMapping::test_hubspot_does_not_claim_tag_support
tests/test_crm_providers.py::TestHubSpotUpsert::test_with_an_email_it_uses_the_batch_upsert
tests/test_crm_providers.py::TestHubSpotUpsert::test_without_an_email_it_searches_on_phone
tests/test_crm_providers.py::TestHubSpotUpsert::test_a_non_unique_email_rejection_falls_back_to_search
tests/test_crm_providers.py::TestHubSpotUpsert::test_search_filters_are_not_anded_together
tests/test_crm_providers.py::TestHubSpotUpsert::test_a_200_with_no_results_is_a_failure
tests/test_crm_providers.py::TestHubSpotNotes::test_note_uses_epoch_milliseconds_and_association_202
tests/test_crm_providers.py::TestHubSpotNotes::test_note_bodies_are_html_escaped
tests/test_crm_providers.py::TestJobberMapping::test_emails_and_phones_are_typed_arrays_not_scalars
tests/test_crm_providers.py::TestJobberMapping::test_last_name_is_always_present
tests/test_crm_providers.py::TestJobberMapping::test_the_version_header_is_sent
tests/test_crm_providers.py::TestJobberMapping::test_jobber_does_not_claim_appointment_support
tests/test_crm_providers.py::TestJobberMapping::test_the_removed_upsert_mutation_is_not_referenced
tests/test_crm_providers.py::TestJobberMapping::test_the_surviving_note_mutation_name_is_used
tests/test_crm_providers.py::TestJobberErrors::test_user_errors_at_http_200_are_a_failure_not_a_success
tests/test_crm_providers.py::TestJobberErrors::test_user_errors_are_permanent_not_retried
tests/test_crm_providers.py::TestJobberErrors::test_throttling_arrives_as_a_graphql_error_and_is_retryable
tests/test_crm_providers.py::TestJobberErrors::test_an_auth_error_at_200_is_permanent
tests/test_crm_providers.py::TestJobberErrors::test_a_schema_error_is_permanent
tests/test_crm_providers.py::TestJobberErrors::test_an_internal_server_error_code_is_retryable
tests/test_crm_providers.py::TestJobberErrors::test_no_errors_and_no_id_is_still_a_failure
tests/test_crm_providers.py::TestJobberErrors::test_upsert_queries_then_edits
tests/test_crm_providers.py::TestJobberErrors::test_upsert_creates_when_the_search_finds_nothing
tests/test_crm_providers.py::TestWebhookSigning::test_sign_and_verify_round_trip
tests/test_crm_providers.py::TestWebhookSigning::test_a_wrong_secret_fails
tests/test_crm_providers.py::TestWebhookSigning::test_a_tampered_body_fails
tests/test_crm_providers.py::TestWebhookSigning::test_the_timestamp_is_inside_the_signature
tests/test_crm_providers.py::TestWebhookSigning::test_an_old_timestamp_is_rejected_even_with_a_valid_signature
tests/test_crm_providers.py::TestWebhookSigning::test_a_future_timestamp_beyond_tolerance_is_rejected
tests/test_crm_providers.py::TestWebhookSigning::test_generated_secrets_are_unique_and_long
tests/test_crm_providers.py::TestWebhookDelivery::test_all_required_headers_are_sent
tests/test_crm_providers.py::TestWebhookDelivery::test_the_signature_verifies_against_the_body_that_was_sent
tests/test_crm_providers.py::TestWebhookDelivery::test_the_idempotency_key_is_stable_and_the_delivery_id_is_not
tests/test_crm_providers.py::TestWebhookDelivery::test_the_signing_secret_is_never_in_the_payload
tests/test_crm_providers.py::TestWebhookDelivery::test_http_is_refused
tests/test_crm_providers.py::TestWebhookDelivery::test_an_unsigned_integration_cannot_deliver
tests/test_crm_providers.py::TestWebhookDelivery::test_a_receiver_reporting_ok_false_is_not_a_success
tests/test_crm_providers.py::TestWebhookDelivery::test_a_204_with_no_body_is_a_success
tests/test_crm_providers.py::TestWebhookDelivery::test_the_envelope_is_versioned_and_carries_the_event_type
tests/test_crm_providers.py::TestWebhookDelivery::test_error_mapping[401-CrmAuthError]
tests/test_crm_providers.py::TestWebhookDelivery::test_error_mapping[429-CrmRateLimited]
tests/test_crm_providers.py::TestWebhookDelivery::test_error_mapping[400-CrmValidationError]
tests/test_crm_providers.py::TestWebhookDelivery::test_error_mapping[502-CrmServerError]
tests/test_crm_providers.py::TestWebhookDelivery::test_a_timeout_is_retryable
tests/test_crm_tenant_isolation.py::test_tenant_b_cannot_read_tenant_a_integration
tests/test_crm_tenant_isolation.py::test_tenant_b_listing_never_includes_tenant_a
tests/test_crm_tenant_isolation.py::test_a_tenant_with_no_integration_gets_404_not_someone_elses
tests/test_crm_tenant_isolation.py::test_no_credential_reaches_any_api_response
tests/test_crm_tenant_isolation.py::test_tenant_b_cannot_modify_tenant_a_integration
tests/test_crm_tenant_isolation.py::test_tenant_b_cannot_delete_tenant_a_integration
tests/test_crm_tenant_isolation.py::test_tenant_b_cannot_disconnect_tenant_a_integration
tests/test_crm_tenant_isolation.py::test_tenant_b_cannot_trigger_a_test_against_tenant_a_credentials
tests/test_crm_tenant_isolation.py::test_a_tenant_id_in_the_body_is_ignored
tests/test_crm_tenant_isolation.py::test_a_tenant_id_query_parameter_is_ignored
tests/test_crm_tenant_isolation.py::test_tenant_b_cannot_see_tenant_a_syncs
tests/test_crm_tenant_isolation.py::test_tenant_b_cannot_see_tenant_a_external_ids
tests/test_crm_tenant_isolation.py::test_an_event_is_only_queued_for_its_own_tenants_integrations
tests/test_crm_tenant_isolation.py::test_a_sync_whose_integration_belongs_elsewhere_is_refused
tests/test_crm_tenant_isolation.py::test_a_viewer_cannot_write_an_integration
tests/test_crm_tenant_isolation.py::test_an_agent_cannot_read_integrations
tests/test_crm_tenant_isolation.py::test_the_routes_use_the_permission_enum_not_role_strings
tests/test_crm_tenant_isolation.py::test_unauthenticated_requests_are_rejected
tests/test_crm_tenant_isolation.py::test_connecting_an_integration_writes_no_secret_to_the_audit_log
tests/test_crm_tenant_isolation.py::test_no_secret_reaches_the_structured_log
tests/test_crm_wiring.py::TestCallWiring::test_a_completed_call_emits_an_event
tests/test_crm_wiring.py::TestCallWiring::test_a_missed_call_emits_an_event
tests/test_crm_wiring.py::TestCallWiring::test_a_completed_transfer_emits_an_event
tests/test_crm_wiring.py::TestCallWiring::test_the_payload_carries_the_safe_call_metadata
tests/test_crm_wiring.py::TestCallWiring::test_the_payload_carries_a_transcript_reference_not_a_transcript
tests/test_crm_wiring.py::TestCallWiring::test_the_transcript_reference_is_withheld_unless_opted_in
tests/test_crm_wiring.py::TestCallWiring::test_a_crm_failure_never_reaches_the_caller
tests/test_crm_wiring.py::TestCallWiring::test_the_hook_does_not_commit
tests/test_crm_wiring.py::TestLeadWiring::test_lead_creation_emits
tests/test_crm_wiring.py::TestLeadWiring::test_lead_updates_are_distinguished_by_reason
tests/test_crm_wiring.py::TestLeadWiring::test_bulk_import_emits_one_event_per_lead
tests/test_crm_wiring.py::TestLeadWiring::test_the_external_contact_id_is_stored
tests/test_crm_wiring.py::TestAppointmentWiring::test_booking_emits
tests/test_crm_wiring.py::TestAppointmentWiring::test_cancellation_emits
tests/test_crm_wiring.py::TestAppointmentWiring::test_a_duplicate_booking_event_is_safe
tests/test_crm_wiring.py::TestAppointmentWiring::test_rescheduling_produces_a_distinct_event
tests/test_crm_wiring.py::TestAppointmentWiring::test_a_provider_without_a_calendar_is_skipped_cleanly
tests/test_crm_wiring.py::TestIntegrationApi::test_connecting_a_provider
tests/test_crm_wiring.py::TestIntegrationApi::test_updating_without_credentials_keeps_the_existing_token
tests/test_crm_wiring.py::TestIntegrationApi::test_an_unknown_credential_field_is_rejected
tests/test_crm_wiring.py::TestIntegrationApi::test_an_unknown_config_field_is_rejected
tests/test_crm_wiring.py::TestIntegrationApi::test_a_webhook_needs_an_https_url
tests/test_crm_wiring.py::TestIntegrationApi::test_a_webhook_gets_a_generated_signing_secret
tests/test_crm_wiring.py::TestIntegrationApi::test_an_invalid_field_mapping_is_rejected_at_configuration_time
tests/test_crm_wiring.py::TestIntegrationApi::test_too_many_mappings_are_rejected
tests/test_crm_wiring.py::TestIntegrationApi::test_an_unknown_event_subscription_is_rejected
tests/test_crm_wiring.py::TestIntegrationApi::test_an_unknown_provider_is_404
tests/test_crm_wiring.py::TestIntegrationApi::test_the_provider_catalogue_lists_capabilities
tests/test_crm_wiring.py::TestIntegrationApi::test_disconnect_drops_credentials_but_keeps_config
tests/test_crm_wiring.py::TestIntegrationApi::test_delete_removes_the_integration_but_keeps_sync_history
tests/test_crm_wiring.py::TestIntegrationApi::test_the_sync_feed_shows_safe_status
tests/test_crm_wiring.py::TestIntegrationApi::test_the_sync_feed_can_be_filtered
tests/test_crm_wiring.py::TestHealthCheck::test_a_working_connection_reports_connected
tests/test_crm_wiring.py::TestHealthCheck::test_a_bad_token_reports_a_diagnosis_not_a_500
tests/test_crm_wiring.py::TestHealthCheck::test_a_health_check_records_its_result
tests/test_crm_wiring.py::TestHealthCheck::test_a_timeout_reports_cleanly
tests/test_crm_wiring.py::TestInboundWebhooks::test_a_correctly_signed_event_is_accepted
tests/test_crm_wiring.py::TestInboundWebhooks::test_an_invalid_signature_is_rejected
tests/test_crm_wiring.py::TestInboundWebhooks::test_a_missing_signature_is_rejected
tests/test_crm_wiring.py::TestInboundWebhooks::test_a_forged_routing_token_is_rejected
tests/test_crm_wiring.py::TestInboundWebhooks::test_a_replayed_event_is_ignored
tests/test_crm_wiring.py::TestInboundWebhooks::test_an_old_timestamp_is_rejected
tests/test_crm_wiring.py::TestInboundWebhooks::test_a_tenant_id_in_the_body_does_not_route
tests/test_crm_wiring.py::TestInboundWebhooks::test_providers_without_verifiable_signatures_fail_closed
tests/test_crm_wiring.py::TestInboundWebhooks::test_an_unknown_provider_is_rejected_identically
tests/test_crm_wiring.py::TestInboundWebhooks::test_every_rejection_looks_the_same
tests/test_crm_wiring.py::TestInboundWebhooks::test_receipts_can_be_pruned
tests/test_crm_wiring.py::TestStructuredLogging::test_a_successful_sync_logs_the_required_fields
tests/test_crm_wiring.py::TestStructuredLogging::test_a_failed_sync_logs_an_error_code_and_no_secret
tests/test_crm_wiring.py::TestStructuredLogging::test_event_emission_is_logged_with_the_idempotency_key
tests/test_crm_wiring.py::TestStructuredLogging::test_a_suppressed_duplicate_is_visible_in_the_logs
tests/test_csrf_canonical_origin.py::test_canonical_public_origin_and_host_spoofing[https://app.example.com-same-origin-False]
tests/test_csrf_canonical_origin.py::test_canonical_public_origin_and_host_spoofing[https://app.example.com-cross-site-True]
tests/test_csrf_canonical_origin.py::test_canonical_public_origin_and_host_spoofing[https://attacker.example.com-same-origin-True]
tests/test_csrf_canonical_origin.py::test_canonical_public_origin_and_host_spoofing[null-same-origin-True]
tests/test_data_policy.py::test_cutoff_is_now_minus_days
tests/test_data_policy.py::test_days_are_never_below_one
tests/test_data_policy.py::test_recent_record_is_not_expired
tests/test_data_policy.py::test_old_record_is_expired
tests/test_data_policy.py::test_naive_utc_timestamp_is_treated_as_utc
tests/test_data_policy.py::test_disclosure_recognises_automated_greeting
tests/test_data_policy.py::test_disclosure_missing_in_human_sounding_greeting
tests/test_data_policy.py::test_disclosure_is_case_insensitive
tests/test_data_policy.py::test_disclosure_not_required_means_compliant_regardless
tests/test_data_policy.py::test_disclosure_required_flags_missing_disclosure
tests/test_data_policy.py::test_compliance_summary_shape
tests/test_deployment.py::test_production_rejects_e2e_mode
tests/test_deployment.py::test_production_rejects_rate_limit_off
tests/test_deployment.py::test_production_rejects_debug_log_level
tests/test_deployment.py::test_production_rejects_placeholder_secrets
tests/test_deployment.py::test_production_rejects_development_cors_origins
tests/test_deployment.py::test_production_rejects_localhost_base_url
tests/test_deployment.py::test_fully_configured_production_is_clean
tests/test_deployment.py::test_unknown_app_env_is_rejected
tests/test_deployment.py::test_staging_is_not_production
tests/test_deployment.py::test_staging_accepts_rate_limit_off_and_e2e_disarmed
tests/test_deployment.py::test_secure_cookie_is_scheme_driven
tests/test_deployment.py::test_main_defines_liveness_and_readiness
tests/test_deployment.py::test_staging_does_not_run_create_all
tests/test_deployment.py::test_caddy_preserves_websocket_and_adds_security
tests/test_deployment.py::test_entrypoint_trusts_proxy_headers
tests/test_deployment.py::test_migration_chain_is_linear_with_no_gaps
tests/test_deployment.py::test_backup_scripts_use_environment_not_hardcoded_secrets
tests/test_deployment.py::test_restore_refuses_overwrite_and_supports_drill
tests/test_deployment.py::test_gitignore_covers_secrets_and_dumps
tests/test_deployment.py::test_dockerignore_excludes_secrets_and_dumps
tests/test_deployment.py::test_env_examples_contain_only_placeholder_credentials
tests/test_deployment.py::test_dockerfile_runs_non_root_and_healthchecks
tests/test_deployment.py::test_prod_compose_keeps_datastores_off_the_host
tests/test_deployment.py::test_staging_compose_is_isolated_from_production
tests/test_deployment.py::test_ci_workflow_gates_and_separates_real_providers
tests/test_deployment.py::test_metrics_endpoint_is_token_gated_when_configured
tests/test_deployment.py::test_caddy_does_not_expose_metrics_as_a_separate_route
tests/test_deployment.py::test_redis_cache_degrades_gracefully_when_down
tests/test_deployment.py::test_memory_cache_ping_reports_reachable
tests/test_deployment.py::test_rollback_checks_out_and_redeploys_without_pull
tests/test_deployment.py::test_rollback_never_executes_alembic_downgrade
tests/test_deployment.py::test_deploy_script_backs_up_before_migrating
tests/test_e2e_guard.py::test_disarmed_is_a_noop_for_normal_traffic
tests/test_e2e_guard.py::test_disarmed_is_a_noop_even_in_production
tests/test_e2e_guard.py::test_armed_in_production_is_rejected
tests/test_e2e_guard.py::test_armed_without_test_number_is_a_configuration_error
tests/test_e2e_guard.py::test_armed_without_allowlisted_callers_is_a_configuration_error
tests/test_e2e_guard.py::test_armed_rejects_a_non_test_dialed_number
tests/test_e2e_guard.py::test_armed_rejects_a_non_allowlisted_caller
tests/test_e2e_guard.py::test_armed_rejects_a_tenant_that_is_not_a_test_tenant
tests/test_e2e_guard.py::test_armed_rejects_a_missing_tenant
tests/test_e2e_guard.py::test_armed_rejects_when_test_tenant_answers_a_different_number
tests/test_e2e_guard.py::test_armed_accepts_an_allowlisted_test_tenant_call
tests/test_e2e_guard.py::test_allowlist_matching_is_format_insensitive
tests/test_e2e_guard.py::test_rejection_messages_never_expose_numbers_or_secrets
tests/test_e2e_guard.py::test_mode_label_reflects_armed_state
tests/test_e2e_guard.py::test_validate_security_refuses_e2e_in_production
tests/test_e2e_guard.py::test_validate_security_requires_a_test_number_when_armed
tests/test_e2e_guard.py::test_validate_security_requires_callers_when_armed
tests/test_e2e_guard.py::test_validate_security_is_silent_when_disarmed_or_complete
tests/test_e2e_guard.py::test_disarmed_voice_answers_normal_traffic_and_creates_a_call
tests/test_e2e_guard.py::test_armed_voice_rejects_non_allowlisted_caller_without_a_call
tests/test_e2e_guard.py::test_armed_voice_rejects_a_tenant_not_marked_as_test
tests/test_e2e_guard.py::test_armed_voice_accepts_an_allowlisted_test_tenant_call
tests/test_e2e_guard.py::test_armed_voice_with_missing_config_fails_closed
tests/test_e2e_guard.py::test_duplicate_voice_delivery_does_not_create_a_second_call
tests/test_enterprise_batch01.py::TestAgentDomain::test_validation_rejects_unknown_provider
tests/test_enterprise_batch01.py::TestAgentDomain::test_validation_rejects_out_of_range_speed
tests/test_enterprise_batch01.py::TestAgentDomain::test_id_stable_across_content_edits
tests/test_enterprise_batch01.py::TestAgentDomain::test_publish_transition_rules
tests/test_enterprise_batch01.py::TestAgentService::test_draft_tenant_isolation
tests/test_enterprise_batch01.py::TestAgentService::test_publish_mints_immutable_version
tests/test_enterprise_batch01.py::TestAgentService::test_publish_persists_tenant_columns
tests/test_enterprise_batch01.py::TestAgentService::test_rollback_reapplies_history
tests/test_enterprise_batch01.py::TestAgentService::test_configure_tools_validation
tests/test_enterprise_batch01.py::TestAgentService::test_test_configuration_offline
tests/test_enterprise_batch01.py::TestConversationDomain::test_transition_table
tests/test_enterprise_batch01.py::TestConversationDomain::test_invalid_transition_raises
tests/test_enterprise_batch01.py::TestConversationService::test_start_and_project
tests/test_enterprise_batch01.py::TestConversationService::test_append_turn_and_classify
tests/test_enterprise_batch01.py::TestConversationService::test_escalate_records_intent_without_dialing
tests/test_enterprise_batch01.py::TestConversationService::test_close_and_reopen_policy
tests/test_enterprise_batch01.py::TestConversationService::test_reopen_outside_window_rejected
tests/test_enterprise_batch01.py::TestConversationService::test_summarize_persists
tests/test_enterprise_batch01.py::TestConversationService::test_search_tenant_scoped
tests/test_enterprise_batch01.py::TestWorkflowDomain::test_controlled_actions_are_bounded
tests/test_enterprise_batch01.py::TestWorkflowDomain::test_evaluate_condition_operators
tests/test_enterprise_batch01.py::TestWorkflowDomain::test_validation_rejects_unknown_action
tests/test_enterprise_batch01.py::TestWorkflowDomain::test_validation_rejects_code_markers
tests/test_enterprise_batch01.py::TestWorkflowDomain::test_validation_requires_terminal
tests/test_enterprise_batch01.py::TestWorkflowService::test_publish_required_before_execute
tests/test_enterprise_batch01.py::TestWorkflowService::test_execution_deterministic_and_idempotent
tests/test_enterprise_batch01.py::TestWorkflowService::test_condition_branching
tests/test_enterprise_batch01.py::TestWorkflowService::test_approval_gate_waits_then_cancel
tests/test_enterprise_batch01.py::TestWorkflowService::test_retry_after_failure
tests/test_enterprise_batch01.py::TestWorkflowService::test_tenant_isolation
tests/test_enterprise_batch01.py::TestWorkflowService::test_lead_status_action_persists
tests/test_enterprise_batch01.py::TestAutomationService::test_filter_matching
tests/test_enterprise_batch01.py::TestAutomationService::test_disabled_not_evaluated
tests/test_enterprise_batch01.py::TestAutomationService::test_deduplication_idempotency
tests/test_enterprise_batch01.py::TestAutomationService::test_cooldown_suppresses
tests/test_enterprise_batch01.py::TestAutomationService::test_run_idempotency_key_deterministic
tests/test_enterprise_batch01.py::TestCampaignDomain::test_state_transitions
tests/test_enterprise_batch01.py::TestCampaignDomain::test_compliance_gate_cannot_be_weakened
tests/test_enterprise_batch01.py::TestCampaignService::test_create_and_state_lifecycle
tests/test_enterprise_batch01.py::TestCampaignService::test_dnc_lead_skipped
tests/test_enterprise_batch01.py::TestCampaignService::test_window_check_respects_tenant
tests/test_enterprise_batch01.py::TestCampaignService::test_attempt_limit
tests/test_enterprise_batch01.py::TestCampaignService::test_execution_plan_never_dials
tests/test_enterprise_batch01.py::TestCampaignService::test_progress_counts_leads
tests/test_enterprise_batch01.py::TestAnalyticsService::test_aggregate_correctness
tests/test_enterprise_batch01.py::TestAnalyticsService::test_tenant_isolation
tests/test_enterprise_batch01.py::TestAnalyticsService::test_range_validation
tests/test_enterprise_batch01.py::TestAnalyticsService::test_empty_results
tests/test_enterprise_batch01.py::TestAnalyticsService::test_snapshot_has_no_pii
tests/test_enterprise_batch01.py::TestAnalyticsService::test_cost_estimate_from_usage
tests/test_enterprise_batch01.py::TestNotificationService::test_strict_rendering
tests/test_enterprise_batch01.py::TestNotificationService::test_undeclared_variable_flagged
tests/test_enterprise_batch01.py::TestNotificationService::test_preference_quiet_hours
tests/test_enterprise_batch01.py::TestNotificationService::test_deduplication
tests/test_enterprise_batch01.py::TestNotificationService::test_retry_backoff_advances
tests/test_enterprise_batch01.py::TestNotificationService::test_in_app_delivery
tests/test_enterprise_batch01.py::TestNotificationService::test_email_channel_suppressed_honestly
tests/test_enterprise_batch01.py::TestInboxService::test_thread_isolation
tests/test_enterprise_batch01.py::TestInboxService::test_message_ordering
tests/test_enterprise_batch01.py::TestInboxService::test_read_unread
tests/test_enterprise_batch01.py::TestInboxService::test_assignment
tests/test_enterprise_batch01.py::TestInboxService::test_escalation
tests/test_enterprise_batch01.py::TestInboxService::test_close_and_reopen_policy
tests/test_enterprise_batch01.py::TestInboxService::test_reopen_window_rule
tests/test_enterprise_batch01.py::TestAgentApi::test_owner_can_create_and_list
tests/test_enterprise_batch01.py::TestAgentApi::test_viewer_forbidden
tests/test_enterprise_batch01.py::TestAgentApi::test_mass_assignment_protected
tests/test_enterprise_batch01.py::TestAgentApi::test_no_secret_leakage
tests/test_enterprise_batch01.py::TestAgentApi::test_publish_flow
tests/test_enterprise_batch01.py::TestWorkflowApi::test_create_and_execute
tests/test_enterprise_batch01.py::TestWorkflowApi::test_approval_route_resumes_persisted_execution
tests/test_enterprise_batch01.py::TestWorkflowApi::test_rejects_arbitrary_action
tests/test_enterprise_batch01.py::TestWorkflowApi::test_tenant_isolation
tests/test_enterprise_batch01.py::TestCampaignApi::test_create_requires_write_permission
tests/test_enterprise_batch01.py::TestCampaignApi::test_create_and_plan
tests/test_enterprise_batch01.py::TestCampaignApi::test_mass_assignment_protected
tests/test_enterprise_batch01.py::TestSecurityGuarantees::test_workflow_cannot_execute_arbitrary_code
tests/test_enterprise_batch01.py::TestSecurityGuarantees::test_automation_never_duplicates_side_effects
tests/test_enterprise_batch01.py::TestSecurityGuarantees::test_no_cross_tenant_conversation_visibility
tests/test_enterprise_batch01.py::TestSecurityGuarantees::test_analytics_never_exposes_phone_numbers
tests/test_enterprise_batch01.py::TestSecurityGuarantees::test_api_requires_authentication
tests/test_enterprise_batch02.py::TestRouterWiring::test_every_enterprise_router_is_registered
tests/test_enterprise_batch02.py::TestRouterWiring::test_new_surfaces_are_tenant_scoped_not_admin_namespaced
tests/test_enterprise_batch02.py::TestAutomationApi::test_create_then_read_back
tests/test_enterprise_batch02.py::TestAutomationApi::test_create_is_idempotent_on_name
tests/test_enterprise_batch02.py::TestAutomationApi::test_unknown_event_is_refused
tests/test_enterprise_batch02.py::TestAutomationApi::test_unknown_action_is_refused
tests/test_enterprise_batch02.py::TestAutomationApi::test_mass_assignment_is_refused
tests/test_enterprise_batch02.py::TestAutomationApi::test_oversized_payload_is_refused
tests/test_enterprise_batch02.py::TestAutomationApi::test_enable_disable_then_evaluate
tests/test_enterprise_batch02.py::TestAutomationApi::test_run_is_deduplicated_by_business_event_id
tests/test_enterprise_batch02.py::TestAutomationApi::test_run_history_and_stats
tests/test_enterprise_batch02.py::TestAutomationApi::test_dedupe_key_is_deterministic
tests/test_enterprise_batch02.py::TestAutomationApi::test_event_and_action_vocabularies_are_closed
tests/test_enterprise_batch02.py::TestAutomationApi::test_viewer_reads_but_cannot_write
tests/test_enterprise_batch02.py::TestAutomationApi::test_agent_cannot_run_automations
tests/test_enterprise_batch02.py::TestAutomationApi::test_cross_tenant_automation_is_not_found
tests/test_enterprise_batch02.py::TestNotificationApi::test_template_create_and_render
tests/test_enterprise_batch02.py::TestNotificationApi::test_unknown_channel_is_refused
tests/test_enterprise_batch02.py::TestNotificationApi::test_preference_check_reports_quiet_hours
tests/test_enterprise_batch02.py::TestNotificationApi::test_create_is_deduplicated_and_masks_the_recipient
tests/test_enterprise_batch02.py::TestNotificationApi::test_read_state_round_trip
tests/test_enterprise_batch02.py::TestNotificationApi::test_delivery_honours_the_channels_reality
tests/test_enterprise_batch02.py::TestNotificationApi::test_retry_after_failure_and_refusal_after_delivery
tests/test_enterprise_batch02.py::TestNotificationApi::test_delivery_summary_counts_states
tests/test_enterprise_batch02.py::TestNotificationApi::test_agent_cannot_create_or_deliver
tests/test_enterprise_batch02.py::TestNotificationApi::test_cross_tenant_notifications_are_invisible
tests/test_enterprise_batch02.py::TestInboxApi::test_open_thread_masks_participants
tests/test_enterprise_batch02.py::TestInboxApi::test_list_and_fetch_thread
tests/test_enterprise_batch02.py::TestInboxApi::test_messages_are_ordered_and_notes_stay_internal
tests/test_enterprise_batch02.py::TestInboxApi::test_queue_actions_round_trip
tests/test_enterprise_batch02.py::TestInboxApi::test_escalate_close_reopen
tests/test_enterprise_batch02.py::TestInboxApi::test_bad_direction_and_empty_body_are_refused
tests/test_enterprise_batch02.py::TestInboxApi::test_counts_and_unread_badges
tests/test_enterprise_batch02.py::TestInboxApi::test_identity_endpoint_explains_the_opaque_id
tests/test_enterprise_batch02.py::TestInboxApi::test_agent_reads_but_cannot_mutate_the_queue
tests/test_enterprise_batch02.py::TestInboxApi::test_cross_tenant_thread_is_not_found
tests/test_enterprise_batch02.py::TestUnauthenticatedAccess::test_anonymous_requests_are_rejected[/api/agents]
tests/test_enterprise_batch02.py::TestUnauthenticatedAccess::test_anonymous_requests_are_rejected[/api/workflows]
tests/test_enterprise_batch02.py::TestUnauthenticatedAccess::test_anonymous_requests_are_rejected[/api/campaigns]
tests/test_enterprise_batch02.py::TestUnauthenticatedAccess::test_anonymous_requests_are_rejected[/api/automations]
tests/test_enterprise_batch02.py::TestUnauthenticatedAccess::test_anonymous_requests_are_rejected[/api/notifications]
tests/test_enterprise_batch02.py::TestUnauthenticatedAccess::test_anonymous_requests_are_rejected[/api/inbox/threads]
tests/test_enterprise_batch02.py::TestUnauthenticatedAccess::test_a_forged_token_is_rejected
tests/test_enterprise_persistence.py::TestSchema::test_the_five_batch02_tables_exist_in_the_metadata
tests/test_enterprise_persistence.py::TestSchema::test_the_revision_chains_off_the_previous_head
tests/test_enterprise_persistence.py::TestAutomationsSurviveRestart::test_definition_and_run_history_outlive_the_process
tests/test_enterprise_persistence.py::TestAutomationsSurviveRestart::test_evaluation_still_works_after_a_restart
tests/test_enterprise_persistence.py::TestAutomationsSurviveRestart::test_create_is_still_idempotent_on_name_across_restarts
tests/test_enterprise_persistence.py::TestAutomationsSurviveRestart::test_a_refused_create_writes_nothing
tests/test_enterprise_persistence.py::TestNotificationsSurviveRestart::test_template_and_notification_outlive_the_process
tests/test_enterprise_persistence.py::TestNotificationsSurviveRestart::test_dedupe_and_read_state_survive_a_restart
tests/test_enterprise_persistence.py::TestNotificationsSurviveRestart::test_render_still_uses_the_single_brace_syntax_after_a_restart
tests/test_enterprise_persistence.py::TestInboxSurvivesRestart::test_overlay_state_outlives_the_process
tests/test_enterprise_persistence.py::TestInboxSurvivesRestart::test_messages_are_still_ordered_and_notes_still_internal
tests/test_enterprise_persistence.py::TestInboxSurvivesRestart::test_escalation_and_reopen_still_follow_the_transition_table
tests/test_enterprise_persistence.py::TestHydrationIsTenantScoped::test_one_tenants_rows_never_appear_in_anothers_view
tests/test_enterprise_persistence.py::TestTenantScope::test_the_scope_clears_the_registry_when_the_handler_raises
tests/test_enterprise_persistence.py::TestTenantScope::test_unknown_events_are_still_refused_by_the_domain
tests/test_enum_consistency.py::test_call_status_has_exactly_the_expected_members
tests/test_enum_consistency.py::test_speaker_has_exactly_the_expected_members
tests/test_enum_consistency.py::test_no_answer_exists_on_the_python_enum
tests/test_enum_consistency.py::test_transferred_was_not_removed
tests/test_enum_consistency.py::test_speaker_has_no_legacy_aliases_left
tests/test_enum_consistency.py::test_enum_names_are_unique_and_have_no_duplicate_values
tests/test_enum_consistency.py::test_migration_declares_the_same_call_status_values
tests/test_enum_consistency.py::test_migration_declares_the_same_speaker_values
tests/test_enum_consistency.py::test_baseline_speaker_type_already_matches_python
tests/test_enum_consistency.py::test_migration_adds_every_value_the_baseline_was_missing
tests/test_enum_consistency.py::test_legacy_speaker_map_only_targets_valid_members
tests/test_enum_consistency.py::test_migration_chain_is_linked_to_the_baseline
tests/test_enum_consistency.py::test_no_answer_can_be_stored_and_retrieved
tests/test_enum_consistency.py::test_every_call_status_round_trips[ringing]
tests/test_enum_consistency.py::test_every_call_status_round_trips[in_progress]
tests/test_enum_consistency.py::test_every_call_status_round_trips[completed]
tests/test_enum_consistency.py::test_every_call_status_round_trips[failed]
tests/test_enum_consistency.py::test_every_call_status_round_trips[no_answer]
tests/test_enum_consistency.py::test_every_call_status_round_trips[transferred]
tests/test_enum_consistency.py::test_every_call_status_round_trips[cancelled]
tests/test_enum_consistency.py::test_every_speaker_round_trips[user]
tests/test_enum_consistency.py::test_every_speaker_round_trips[assistant]
tests/test_enum_consistency.py::test_every_speaker_round_trips[system]
tests/test_enum_consistency.py::test_full_transcript_with_caller_agent_and_system_round_trips
tests/test_enum_consistency.py::test_call_lifecycle_still_works_end_to_end
tests/test_enum_consistency.py::test_transcript_reader_maps_speakers_to_llm_roles
tests/test_enum_consistency.py::test_transfer_state_migration_matches_the_model
tests/test_enum_consistency.py::test_transfer_state_values_are_lowercase_names
tests/test_enum_consistency.py::test_migration_0004_adds_every_new_call_column
tests/test_enum_consistency.py::test_migration_chain_is_linear_and_unbroken
tests/test_enum_consistency.py::test_document_status_migration_matches_the_model
tests/test_enum_consistency.py::test_document_source_type_migration_matches_the_model
tests/test_enum_consistency.py::test_knowledge_enum_values_are_lowercase_names
tests/test_enum_consistency.py::test_only_ready_is_searchable
tests/test_enum_consistency.py::test_migration_0005_creates_every_base_model_column
tests/test_enum_consistency.py::test_migration_0005_declares_the_tenant_scoped_constraints
tests/test_enum_consistency.py::test_migration_0005_follows_0004
tests/test_enum_consistency.py::test_chunk_carries_its_own_tenant_id
tests/test_enum_consistency.py::test_crm_provider_type_migration_matches_the_model
tests/test_enum_consistency.py::test_crm_event_type_migration_matches_the_model
tests/test_enum_consistency.py::test_crm_entity_type_migration_matches_the_model
tests/test_enum_consistency.py::test_crm_sync_status_migration_matches_the_model
tests/test_enum_consistency.py::test_integration_audit_actions_are_added_by_migration_0006
tests/test_enum_consistency.py::test_crm_enum_values_are_stable_wire_strings
tests/test_enum_consistency.py::test_migration_0006_creates_every_model_column
tests/test_enum_consistency.py::test_migration_0006_declares_the_constraints_that_carry_the_guarantees
tests/test_enum_consistency.py::test_migration_0006_follows_0005
tests/test_enum_consistency.py::test_migration_0006_does_not_touch_the_legacy_crm_columns
tests/test_enum_consistency.py::test_the_retryable_and_terminal_status_sets_do_not_overlap
tests/test_enum_consistency.py::test_every_crm_enum_round_trips_through_the_database
tests/test_enum_consistency.py::test_appointment_status_migration_matches_the_model
tests/test_enum_consistency.py::test_calendar_provider_type_migration_matches_the_model
tests/test_enum_consistency.py::test_calendar_audit_actions_are_added_by_migration_0007
tests/test_enum_consistency.py::test_calendar_enum_values_are_lowercase_names
tests/test_enum_consistency.py::test_only_live_statuses_block_a_slot
tests/test_enum_consistency.py::test_migration_0007_creates_every_new_model_column
tests/test_enum_consistency.py::test_migration_0007_declares_the_constraints_that_carry_the_guarantees
tests/test_enum_consistency.py::test_migration_0007_backfills_rather_than_leaving_existing_rows_wrong
tests/test_enum_consistency.py::test_migration_0007_follows_0006
tests/test_enum_consistency.py::test_migration_0007_does_not_drop_the_legacy_calendar_column
tests/test_enum_consistency.py::test_every_appointment_status_round_trips_through_the_database
tests/test_enum_consistency.py::test_billing_provider_type_migration_matches_the_model
tests/test_enum_consistency.py::test_subscription_status_migration_matches_the_model
tests/test_enum_consistency.py::test_usage_metric_migration_matches_the_model
tests/test_enum_consistency.py::test_usage_event_type_migration_matches_the_model
tests/test_enum_consistency.py::test_invoice_and_interval_migrations_match_the_model
tests/test_enum_consistency.py::test_billing_enum_values_are_lowercase_names
tests/test_enum_consistency.py::test_the_new_billing_audit_actions_are_added_by_the_migration
tests/test_enum_consistency.py::test_the_step9_audit_actions_are_added_by_the_migration
tests/test_enum_consistency.py::test_step9_migration_follows_0008
tests/test_enum_consistency.py::test_only_live_statuses_entitle_service
tests/test_enum_consistency.py::test_migration_0008_creates_every_billing_column
tests/test_enum_consistency.py::test_migration_0008_declares_the_constraints_that_carry_the_guarantees
tests/test_enum_consistency.py::test_migration_0008_does_not_touch_the_legacy_tenant_billing_columns
tests/test_enum_consistency.py::test_migration_0008_seeds_no_plan_rows
tests/test_enum_consistency.py::test_migration_0008_follows_0007
tests/test_enum_consistency.py::test_money_is_stored_as_integers_never_floats
tests/test_enum_consistency.py::test_every_subscription_status_round_trips_through_the_database
tests/test_error_handling.py::test_unhandled_exception_is_sanitised_in_production
tests/test_error_handling.py::test_unhandled_exception_keeps_repr_in_dev
tests/test_error_handling.py::test_domain_errors_have_structured_bodies
tests/test_error_handling.py::test_framework_404_keeps_fastapi_shape
tests/test_error_handling.py::test_request_id_is_honoured_and_sanitised
tests/test_error_visibility.py::test_a_database_probe_failure_is_logged_and_still_answers_false
tests/test_error_visibility.py::test_a_broken_rate_limiter_fails_closed_and_names_the_reason
tests/test_error_visibility.py::test_redis_cache_degradation_is_logged_as_a_degradation
tests/test_error_visibility.py::test_a_usage_counting_failure_still_lets_the_frame_through
tests/test_error_visibility.py::test_a_denied_object_lookup_is_not_reported_as_a_missing_object
tests/test_error_visibility.py::test_unreadable_certificate_sans_are_not_reported_as_a_hostname_mismatch
tests/test_escalation_transfer.py::test_escalation_requires_persisted_scoped_transfer_context
tests/test_escalation_transfer.py::test_escalation_delegates_to_authoritative_transfer_service
tests/test_escalation_transfer.py::test_escalation_rejects_call_id_mismatch_before_provider_action
tests/test_external_success_honesty.py::test_webhook_records_only_transport_observed_success[204-delivered]
tests/test_external_success_honesty.py::test_webhook_records_only_transport_observed_success[302-dlq]
tests/test_external_success_honesty.py::test_webhook_records_only_transport_observed_success[401-dlq]
tests/test_external_success_honesty.py::test_webhook_records_only_transport_observed_success[503-failed]
tests/test_external_success_honesty.py::test_unsafe_or_disabled_webhook_never_opens_transport[https://127.0.0.1/private-True]
tests/test_external_success_honesty.py::test_unsafe_or_disabled_webhook_never_opens_transport[https://8.8.8.8/hooks-False]
tests/test_external_success_honesty.py::test_webhook_configuration_rejects_private_destination
tests/test_external_success_honesty.py::test_unimplemented_remote_operations_do_not_fabricate_completion[connect_salesforce]
tests/test_external_success_honesty.py::test_unimplemented_remote_operations_do_not_fabricate_completion[oauth_authorize]
tests/test_external_success_honesty.py::test_unimplemented_remote_operations_do_not_fabricate_completion[oauth_callback]
tests/test_external_success_honesty.py::test_unimplemented_remote_operations_do_not_fabricate_completion[refresh_token]
tests/test_external_success_honesty.py::test_unimplemented_remote_operations_do_not_fabricate_completion[salesforce_writeback]
tests/test_external_success_honesty.py::test_unimplemented_remote_operations_do_not_fabricate_completion[sync_salesforce]
tests/test_external_success_honesty.py::test_unimplemented_remote_operations_do_not_fabricate_completion[api_limits]
tests/test_external_success_honesty.py::test_unimplemented_remote_operations_do_not_fabricate_completion[describe_objects]
tests/test_external_success_honesty.py::test_unimplemented_remote_operations_do_not_fabricate_completion[bulk_writeback]
tests/test_external_success_honesty.py::test_unimplemented_remote_operations_do_not_fabricate_completion[writeback_disposition]
tests/test_external_success_honesty.py::test_unimplemented_remote_operations_do_not_fabricate_completion[writeback_task_note]
tests/test_external_success_honesty.py::test_unimplemented_remote_operations_do_not_fabricate_completion[writeback_extracted_fields]
tests/test_external_success_honesty.py::test_unimplemented_remote_operations_do_not_fabricate_completion[create_mapping]
tests/test_external_success_honesty.py::test_unimplemented_remote_operations_do_not_fabricate_completion[list_mappings]
tests/test_external_success_honesty.py::test_unimplemented_remote_operations_do_not_fabricate_completion[backfill_crm]
tests/test_external_success_honesty.py::test_workflow_preserves_local_context_but_does_not_fake_remote_writeback
tests/test_gdpr_routes.py::test_export_returns_own_data_structured
tests/test_gdpr_routes.py::test_status_reports_consent_state
tests/test_gdpr_routes.py::test_erasure_deletes_data_and_marks_the_tenant
tests/test_gdpr_routes.py::test_non_owner_is_forbidden
tests/test_gdpr_routes.py::test_anonymous_is_refused
tests/test_health_readiness.py::test_readiness_ready_when_dependencies_ok
tests/test_health_readiness.py::test_readiness_fails_when_database_is_down
tests/test_health_readiness.py::test_readiness_fails_when_redis_is_configured_and_down
tests/test_health_readiness.py::test_check_redis_returns_none_when_not_configured
tests/test_health_readiness.py::test_provider_config_reports_missing_voice_providers
tests/test_health_readiness.py::test_provider_config_ok_when_all_keys_present
tests/test_health_readiness.py::test_readiness_requires_providers_in_production
tests/test_health_readiness.py::test_readiness_does_not_require_providers_outside_production
tests/test_humanize.py::test_num_to_words[0-zero]
tests/test_humanize.py::test_num_to_words[7-seven]
tests/test_humanize.py::test_num_to_words[13-thirteen]
tests/test_humanize.py::test_num_to_words[30-thirty]
tests/test_humanize.py::test_num_to_words[42-forty two]
tests/test_humanize.py::test_num_to_words[100-one hundred]
tests/test_humanize.py::test_num_to_words[150-one hundred fifty]
tests/test_humanize.py::test_num_to_words[1250-one thousand two hundred fifty]
tests/test_humanize.py::test_money_is_spoken
tests/test_humanize.py::test_money_with_cents
tests/test_humanize.py::test_time_is_spoken
tests/test_humanize.py::test_bare_meridiem_time
tests/test_humanize.py::test_percent
tests/test_humanize.py::test_markdown_is_stripped
tests/test_humanize.py::test_emoji_is_stripped
tests/test_humanize.py::test_abbreviations_expanded
tests/test_humanize.py::test_phone_number_digit_by_digit
tests/test_humanize.py::test_always_ends_with_punctuation
tests/test_humanize.py::test_empty_input_is_safe
tests/test_humanize.py::test_natural_opener_never_breaks_text
tests/test_humanize.py::test_greeting_varies
tests/test_humanize.py::test_greeting_contains_business_name
tests/test_i18n.py::test_known_language_resolves_exactly
tests/test_i18n.py::test_region_falls_back_to_base_language
tests/test_i18n.py::test_unknown_language_degrades_to_english_not_crash
tests/test_i18n.py::test_none_language_degrades_to_default
tests/test_i18n.py::test_is_english[en-US-True]
tests/test_i18n.py::test_is_english[en-GB-True]
tests/test_i18n.py::test_is_english[es-MX-False]
tests/test_i18n.py::test_is_english[bn-BD-False]
tests/test_i18n.py::test_nova3_used_for_covered_language
tests/test_i18n.py::test_nova2_fallback_for_uncovered_language
tests/test_i18n.py::test_filler_words_only_enabled_for_english
tests/test_i18n.py::test_english_uses_the_fast_english_model
tests/test_i18n.py::test_non_english_forces_multilingual_model
tests/test_i18n.py::test_voice_id_is_passed_through
tests/test_i18n.py::test_default_language_adds_no_prompt_tokens
tests/test_i18n.py::test_british_english_gets_a_region_note
tests/test_i18n.py::test_non_english_instruction_forbids_drifting_to_english
tests/test_i18n.py::test_rtl_flag_present_for_arabic
tests/test_i18n.py::test_supported_languages_feeds_the_dropdown
tests/test_identity_migrations.py::test_every_label_a_migration_adds_is_a_member_name
tests/test_identity_migrations.py::test_no_migration_adds_a_label_in_the_value_case
tests/test_identity_migrations.py::test_the_baseline_type_matches_the_model
tests/test_identity_migrations.py::test_every_member_exists_in_the_schema_somewhere
tests/test_identity_migrations.py::test_the_repair_migration_covers_0013_and_adds_the_new_action
tests/test_identity_migrations.py::test_the_repair_migration_is_idsempotent_by_construction
tests/test_identity_migrations.py::test_the_identity_actions_are_exactly_the_ones_the_event_helper_reports
tests/test_identity_pg_enum.py::test_every_audit_action_is_writable_in_the_live_database
tests/test_identity_pg_enum.py::test_the_identity_event_names_are_writable_too
tests/test_imports.py::test_agent_pipeline_imports_cleanly
tests/test_imports.py::test_llm_factory_imports_cleanly
tests/test_imports.py::test_agent_support_modules_import_cleanly
tests/test_imports.py::test_pipecat_service_import_paths_used_by_the_code
tests/test_imports.py::test_pipecat_runtime_api_surface_is_present
tests/test_integration_validation.py::test_real_integration_is_disabled_by_default
tests/test_integration_validation.py::test_explicit_opt_in_enables_real_integration
tests/test_integration_validation.py::test_run_all_skips_everything_without_the_flag
tests/test_integration_validation.py::test_run_one_reports_an_unknown_provider
tests/test_integration_validation.py::test_all_thirteen_providers_are_registered
tests/test_integration_validation.py::test_every_registered_check_is_read_only
tests/test_integration_validation.py::test_forbidden_operations_have_no_runnable_check
tests/test_integration_validation.py::test_a_live_call_is_documented_as_manual_only
tests/test_integration_validation.py::test_status_enum_has_exactly_four_values
tests/test_integration_validation.py::test_blocked_is_distinct_from_pass
tests/test_integration_validation.py::test_secret_masker_replaces_a_long_secret
tests/test_integration_validation.py::test_secret_masker_ignores_short_noise
tests/test_integration_validation.py::test_secret_masker_masks_longest_first
tests/test_integration_validation.py::test_secret_masker_passes_through_none
tests/test_integration_validation.py::test_format_table_lists_every_provider_with_a_status
tests/test_integration_validation.py::test_summary_counts_are_complete_and_stable
tests/test_integration_validation.py::test_to_json_is_parseable_and_secret_free
tests/test_integration_validation.py::test_twilio_missing_credentials_skips
tests/test_integration_validation.py::test_deepgram_missing_credentials_skips
tests/test_integration_validation.py::test_stripe_missing_credentials_skips
tests/test_integration_validation.py::test_google_calendar_missing_credentials_skips_with_env_names
tests/test_integration_validation.py::test_twilio_auth_failure_is_fail_and_secret_free
tests/test_integration_validation.py::test_stripe_webhook_secret_shape_is_validated
tests/test_integration_validation.py::test_stripe_check_only_issues_read_only_requests
tests/test_integration_validation.py::test_the_real_provider_suite_is_marked_for_opt_in_exclusion
tests/test_ivr.py::test_default_flow_is_valid
tests/test_ivr.py::test_missing_nodes_is_reported
tests/test_ivr.py::test_bad_start_node_is_reported
tests/test_ivr.py::test_dangling_pointer_is_reported
tests/test_ivr.py::test_dead_end_node_is_reported
tests/test_ivr.py::test_flow_with_no_handoff_is_rejected
tests/test_ivr.py::test_unreachable_node_is_reported
tests/test_ivr.py::test_transfer_only_flow_is_valid
tests/test_ivr.py::test_next_node_follows_digit
tests/test_ivr.py::test_next_node_unknown_digit_falls_back_to_timeout_target
tests/test_ivr.py::test_next_node_unknown_node_falls_back_to_start
tests/test_ivr.py::test_interpolate_fills_business_and_agent
tests/test_ivr.py::test_interpolate_fills_escalation_number
tests/test_ivr.py::test_interpolate_leaves_unknown_placeholder_alone
tests/test_job_idempotency.py::test_business_keys_stable
tests/test_job_idempotency.py::test_attempt_key_distinct
tests/test_knowledge_api.py::test_owner_can_upload
tests/test_knowledge_api.py::test_manager_can_upload
tests/test_knowledge_api.py::test_viewer_cannot_upload
tests/test_knowledge_api.py::test_agent_cannot_upload
tests/test_knowledge_api.py::test_uploading_requires_authentication
tests/test_knowledge_api.py::test_a_real_pdf_uploads
tests/test_knowledge_api.py::test_a_real_docx_uploads
tests/test_knowledge_api.py::test_an_executable_is_rejected_with_400
tests/test_knowledge_api.py::test_an_empty_file_is_rejected_with_400
tests/test_knowledge_api.py::test_an_oversized_file_is_rejected_with_413
tests/test_knowledge_api.py::test_re_uploading_the_same_file_is_idempotent
tests/test_knowledge_api.py::test_viewer_can_read_documents
tests/test_knowledge_api.py::test_listing_can_be_filtered_by_status
tests/test_knowledge_api.py::test_an_unknown_status_filter_is_a_400
tests/test_knowledge_api.py::test_getting_one_document_returns_management_metadata
tests/test_knowledge_api.py::test_a_missing_document_is_a_404
tests/test_knowledge_api.py::test_responses_never_expose_storage_or_vectors
tests/test_knowledge_api.py::test_search_returns_scores_but_never_vectors
tests/test_knowledge_api.py::test_delete_archives_by_default
tests/test_knowledge_api.py::test_manager_can_archive_but_not_hard_delete
tests/test_knowledge_api.py::test_admin_can_hard_delete
tests/test_knowledge_api.py::test_viewer_cannot_delete
tests/test_knowledge_api.py::test_reindexing_an_archived_document_is_a_409
tests/test_knowledge_api.py::test_restore_then_reindex_works
tests/test_knowledge_api.py::test_viewer_cannot_reindex
tests/test_knowledge_api.py::test_stats_report_the_embedding_configuration
tests/test_knowledge_chunking.py::test_short_text_is_a_single_chunk
tests/test_knowledge_chunking.py::test_long_text_is_split_and_indexed_from_zero
tests/test_knowledge_chunking.py::test_chunking_is_deterministic
tests/test_knowledge_chunking.py::test_consecutive_chunks_overlap
tests/test_knowledge_chunking.py::test_zero_overlap_is_honoured
tests/test_knowledge_chunking.py::test_overlap_cannot_exceed_half_the_chunk_size
tests/test_knowledge_chunking.py::test_section_metadata_is_carried_onto_every_chunk
tests/test_knowledge_chunking.py::test_split_sections_record_which_part_they_are
tests/test_knowledge_chunking.py::test_chunks_never_span_two_sections
tests/test_knowledge_chunking.py::test_a_heading_is_never_stranded_at_the_end_of_a_chunk
tests/test_knowledge_chunking.py::test_short_real_content_is_not_dropped
tests/test_knowledge_chunking.py::test_a_bare_heading_section_is_dropped
tests/test_knowledge_chunking.py::test_empty_and_whitespace_input_produce_no_chunks
tests/test_knowledge_chunking.py::test_text_with_no_whitespace_still_terminates
tests/test_knowledge_chunking.py::test_token_estimate_is_recorded
tests/test_knowledge_chunking.py::test_config_from_settings_reads_the_real_setting_names
tests/test_knowledge_embeddings.py::test_embedding_has_the_declared_dimension
tests/test_knowledge_embeddings.py::test_embedding_is_deterministic
tests/test_knowledge_embeddings.py::test_similar_text_scores_above_unrelated_text
tests/test_knowledge_embeddings.py::test_empty_text_gives_a_zero_vector_not_a_crash
tests/test_knowledge_embeddings.py::test_batch_order_is_preserved
tests/test_knowledge_embeddings.py::test_identity_includes_provider_model_and_dimensions
tests/test_knowledge_embeddings.py::test_vectors_from_a_different_model_are_incompatible
tests/test_knowledge_embeddings.py::test_dimension_mismatch_is_detected
tests/test_knowledge_embeddings.py::test_provider_is_selected_from_config_not_hard_coded
tests/test_knowledge_embeddings.py::test_unknown_provider_fails_loudly
tests/test_knowledge_embeddings.py::test_a_custom_embedder_can_be_injected
tests/test_knowledge_embeddings.py::test_openai_embedder_rejects_an_impossible_dimension
tests/test_knowledge_embeddings.py::test_openai_embedder_requires_a_key
tests/test_knowledge_extraction.py::test_plain_text_extracts
tests/test_knowledge_extraction.py::test_markdown_headings_become_sections
tests/test_knowledge_extraction.py::test_utf16_text_is_decoded
tests/test_knowledge_extraction.py::test_control_characters_are_stripped
tests/test_knowledge_extraction.py::test_clean_text_normalizes_whitespace_and_ligatures
tests/test_knowledge_extraction.py::test_bidi_override_characters_are_removed
tests/test_knowledge_extraction.py::test_pdf_extracts_every_page_with_its_number
tests/test_knowledge_extraction.py::test_malformed_pdf_fails_with_a_useful_message_not_a_crash
tests/test_knowledge_extraction.py::test_pdf_with_no_extractable_text_is_reported_as_needing_ocr
tests/test_knowledge_extraction.py::test_docx_preserves_paragraph_order_and_headings
tests/test_knowledge_extraction.py::test_corrupt_docx_fails_cleanly
tests/test_knowledge_extraction.py::test_csv_becomes_labelled_prose_keeping_field_names
tests/test_knowledge_extraction.py::test_csv_with_semicolon_delimiter_is_sniffed
tests/test_knowledge_extraction.py::test_empty_csv_fails
tests/test_knowledge_extraction.py::test_json_is_flattened_to_dotted_paths_not_dumped_as_syntax
tests/test_knowledge_extraction.py::test_json_list_of_scalars_reads_naturally
tests/test_knowledge_extraction.py::test_malformed_json_fails_safely
tests/test_knowledge_extraction.py::test_executables_are_rejected_however_they_are_named[MZ\x90\x00\x03\x00\x00\x00-invoice.pdf]
tests/test_knowledge_extraction.py::test_executables_are_rejected_however_they_are_named[\x7fELF\x02\x01\x01\x00-notes.txt]
tests/test_knowledge_extraction.py::test_executables_are_rejected_however_they_are_named[#!/bin/bash\nrm -rf /-readme.txt]
tests/test_knowledge_extraction.py::test_archives_are_rejected
tests/test_knowledge_extraction.py::test_dangerous_extensions_are_refused[.exe]
tests/test_knowledge_extraction.py::test_dangerous_extensions_are_refused[.sh]
tests/test_knowledge_extraction.py::test_dangerous_extensions_are_refused[.js]
tests/test_knowledge_extraction.py::test_dangerous_extensions_are_refused[.php]
tests/test_knowledge_extraction.py::test_dangerous_extensions_are_refused[.docm]
tests/test_knowledge_extraction.py::test_dangerous_extensions_are_refused[.html]
tests/test_knowledge_extraction.py::test_dangerous_extensions_are_refused[.svg]
tests/test_knowledge_extraction.py::test_lying_content_type_cannot_smuggle_a_format
tests/test_knowledge_extraction.py::test_pdf_extension_with_non_pdf_content_is_a_mismatch
tests/test_knowledge_extraction.py::test_docx_bytes_are_detected_even_when_misnamed
tests/test_knowledge_extraction.py::test_unsupported_type_is_rejected_with_the_accepted_list
tests/test_knowledge_extraction.py::test_empty_file_is_rejected
tests/test_knowledge_grounding.py::test_context_contains_the_retrieved_text
tests/test_knowledge_grounding.py::test_context_instructs_the_model_not_to_invent_facts
tests/test_knowledge_grounding.py::test_context_tells_the_model_to_escalate_when_evidence_is_missing
tests/test_knowledge_grounding.py::test_no_results_produces_an_explicit_do_not_guess_note
tests/test_knowledge_grounding.py::test_source_metadata_is_included_for_the_model_but_marked_unspoken
tests/test_knowledge_grounding.py::test_scores_are_never_placed_in_the_prompt
tests/test_knowledge_grounding.py::test_the_context_block_is_closed
tests/test_knowledge_grounding.py::test_context_respects_the_character_budget
tests/test_knowledge_grounding.py::test_a_single_oversized_excerpt_is_clamped_to_whole_sentences
tests/test_knowledge_grounding.py::test_the_best_chunk_survives_truncation
tests/test_knowledge_grounding.py::test_sources_identify_the_answer_back_to_its_chunks
tests/test_knowledge_grounding.py::test_sources_never_include_scores_or_vectors
tests/test_knowledge_grounding.py::test_every_known_injection_shape_is_neutralized
tests/test_knowledge_grounding.py::test_neutralization_keeps_the_surrounding_content
tests/test_knowledge_grounding.py::test_ordinary_business_text_is_left_alone
tests/test_knowledge_grounding.py::test_a_document_cannot_forge_a_fence_to_escape_its_block
tests/test_knowledge_grounding.py::test_the_block_declares_its_contents_untrusted_up_front
tests/test_knowledge_grounding.py::test_the_block_forbids_tool_calls_and_prompt_disclosure
tests/test_knowledge_grounding.py::test_tool_summaries_are_neutralized_too
tests/test_knowledge_grounding.py::test_tool_summaries_are_bounded
tests/test_knowledge_grounding.py::test_an_empty_result_summarizes_to_nothing
tests/test_knowledge_ingest.py::test_upload_then_process_reaches_ready
tests/test_knowledge_ingest.py::test_upload_starts_in_uploaded_not_ready
tests/test_knowledge_ingest.py::test_pdf_ingests_with_page_metadata_on_chunks
tests/test_knowledge_ingest.py::test_docx_ingests
tests/test_knowledge_ingest.py::test_stored_file_key_is_opaque_and_tenant_scoped
tests/test_knowledge_ingest.py::test_empty_file_is_rejected
tests/test_knowledge_ingest.py::test_oversized_file_is_rejected_before_processing
tests/test_knowledge_ingest.py::test_executable_is_rejected
tests/test_knowledge_ingest.py::test_document_limit_is_enforced
tests/test_knowledge_ingest.py::test_identical_content_in_the_same_tenant_is_deduplicated
tests/test_knowledge_ingest.py::test_different_tenants_may_hold_identical_content
tests/test_knowledge_ingest.py::test_duplicate_does_not_create_a_second_set_of_embeddings
tests/test_knowledge_ingest.py::test_malformed_pdf_lands_in_failed_with_a_safe_message
tests/test_knowledge_ingest.py::test_a_failed_document_produces_no_chunks
tests/test_knowledge_ingest.py::test_embedding_failure_marks_the_document_failed_not_ready
tests/test_knowledge_ingest.py::test_a_processing_document_that_died_is_reaped
tests/test_knowledge_ingest.py::test_a_recently_started_document_is_not_reaped
tests/test_knowledge_ingest.py::test_reprocessing_the_same_version_does_not_duplicate_chunks
tests/test_knowledge_ingest.py::test_reindexing_twice_leaves_one_set_of_chunks
tests/test_knowledge_ingest.py::test_reindex_bumps_the_version_and_retires_old_chunks
tests/test_knowledge_ingest.py::test_archiving_keeps_the_row_and_the_chunks
tests/test_knowledge_ingest.py::test_reindexing_an_archived_document_is_refused
tests/test_knowledge_ingest.py::test_restoring_makes_a_document_searchable_again
tests/test_knowledge_ingest.py::test_re_uploading_archived_content_revives_it
tests/test_knowledge_ingest.py::test_purge_removes_the_row_the_chunks_and_the_file
tests/test_knowledge_memory_separation.py::test_a_transcript_creates_no_knowledge_documents
tests/test_knowledge_memory_separation.py::test_a_transcript_creates_no_chunks_or_embeddings
tests/test_knowledge_memory_separation.py::test_retrieval_cannot_surface_anything_a_caller_said[what is Sarah Chen's phone number]
tests/test_knowledge_memory_separation.py::test_retrieval_cannot_surface_anything_a_caller_said[who was promised a fifty percent discount]
tests/test_knowledge_memory_separation.py::test_retrieval_cannot_surface_anything_a_caller_said[what is the insurance member id]
tests/test_knowledge_memory_separation.py::test_retrieval_cannot_surface_anything_a_caller_said[who needs to reschedule a root canal]
tests/test_knowledge_memory_separation.py::test_indexed_knowledge_still_works_alongside_a_transcript
tests/test_knowledge_memory_separation.py::test_the_agent_does_not_answer_from_another_callers_conversation
tests/test_knowledge_memory_separation.py::test_the_chunk_table_has_no_link_to_conversations
tests/test_knowledge_memory_separation.py::test_no_ingestion_path_accepts_a_transcript
tests/test_knowledge_performance.py::test_pdf_extraction_time
tests/test_knowledge_performance.py::test_pdf_extraction_scales_linearly_in_pages
tests/test_knowledge_performance.py::test_docx_extraction_time
tests/test_knowledge_performance.py::test_large_text_extraction_time
tests/test_knowledge_performance.py::test_chunking_time_is_linear_in_document_size
tests/test_knowledge_performance.py::test_single_query_embedding_time
tests/test_knowledge_performance.py::test_batch_embedding_is_not_slower_per_item_than_single
tests/test_knowledge_performance.py::test_full_ingestion_time_for_a_ten_page_pdf
tests/test_knowledge_performance.py::test_retrieval_latency
tests/test_knowledge_performance.py::test_reranking_is_not_the_bottleneck
tests/test_knowledge_performance.py::test_live_call_retrieval_stays_inside_its_budget
tests/test_knowledge_performance.py::test_the_timeout_is_enforced_even_when_retrieval_hangs
tests/test_knowledge_pipeline.py::test_the_agent_answers_from_an_uploaded_document
tests/test_knowledge_pipeline.py::test_the_answer_carries_internal_source_references
tests/test_knowledge_pipeline.py::test_the_grounding_instruction_travels_with_the_evidence
tests/test_knowledge_pipeline.py::test_an_undocumented_question_is_refused_not_invented
tests/test_knowledge_pipeline.py::test_a_tenant_with_no_documents_still_refuses_cleanly
tests/test_knowledge_pipeline.py::test_the_configured_knowledge_dict_still_wins
tests/test_knowledge_pipeline.py::test_documents_answer_what_the_dict_does_not
tests/test_knowledge_pipeline.py::test_the_hours_builtin_still_works_with_no_documents
tests/test_knowledge_pipeline.py::test_the_agent_cannot_answer_from_another_tenants_documents
tests/test_knowledge_pipeline.py::test_a_retrieval_timeout_falls_back_instead_of_fabricating
tests/test_knowledge_pipeline.py::test_a_retrieval_crash_does_not_break_the_call
tests/test_knowledge_pipeline.py::test_an_archived_document_stops_answering_calls
tests/test_knowledge_pipeline.py::test_trivial_turns_do_not_trigger_retrieval
tests/test_knowledge_pipeline.py::test_business_questions_do_trigger_retrieval
tests/test_knowledge_pipeline.py::test_the_system_prompt_accepts_a_grounded_block
tests/test_knowledge_pipeline.py::test_the_system_prompt_is_unchanged_without_retrieval
tests/test_knowledge_pipeline.py::test_document_text_never_enters_the_prompt_by_itself
tests/test_knowledge_pipeline.py::test_uploading_does_not_change_the_system_prompt
tests/test_knowledge_pipeline.py::test_the_worker_pass_indexes_pending_documents
tests/test_knowledge_pipeline.py::test_a_job_for_an_archived_document_is_skipped
tests/test_knowledge_pipeline.py::test_a_job_for_a_missing_document_does_not_crash
tests/test_knowledge_retrieval.py::test_the_relevant_chunk_is_returned
tests/test_knowledge_retrieval.py::test_a_different_question_finds_a_different_chunk
tests/test_knowledge_retrieval.py::test_an_unrelated_question_returns_nothing
tests/test_knowledge_retrieval.py::test_top_k_is_respected
tests/test_knowledge_retrieval.py::test_the_minimum_score_filters_weak_matches
tests/test_knowledge_retrieval.py::test_an_empty_query_returns_nothing
tests/test_knowledge_retrieval.py::test_a_tenant_with_no_documents_gets_a_clean_empty_result
tests/test_knowledge_retrieval.py::test_results_carry_the_metadata_a_citation_needs
tests/test_knowledge_retrieval.py::test_document_id_filter_narrows_the_search
tests/test_knowledge_retrieval.py::test_only_ready_documents_are_retrievable
tests/test_knowledge_retrieval.py::test_a_document_being_processed_is_not_searchable
tests/test_knowledge_retrieval.py::test_a_reindex_in_flight_never_serves_a_mix_of_versions
tests/test_knowledge_retrieval.py::test_archived_documents_stop_being_retrievable
tests/test_knowledge_retrieval.py::test_restoring_makes_a_document_retrievable_again
tests/test_knowledge_retrieval.py::test_failed_documents_are_never_retrievable
tests/test_knowledge_retrieval.py::test_a_model_change_makes_documents_unsearchable_until_reindexed
tests/test_knowledge_retrieval.py::test_retrieval_without_a_tenant_is_impossible
tests/test_knowledge_retrieval.py::test_count_searchable_chunks_requires_a_tenant
tests/test_knowledge_retrieval.py::test_the_timeout_wrapper_returns_empty_rather_than_raising
tests/test_knowledge_retrieval.py::test_the_timeout_wrapper_swallows_backend_failures
tests/test_knowledge_retrieval.py::test_an_embedding_outage_returns_no_knowledge_not_a_guess
tests/test_knowledge_retrieval.py::test_retrieval_works_identically_with_reranking_off
tests/test_knowledge_retrieval.py::test_the_reranker_promotes_a_chunk_that_contains_the_query_terms
tests/test_knowledge_retrieval.py::test_the_reranker_demotes_near_duplicate_chunks
tests/test_knowledge_retrieval.py::test_the_noop_reranker_only_truncates
tests/test_knowledge_tenant_isolation.py::test_a_query_scoped_to_a_never_returns_bs_content
tests/test_knowledge_tenant_isolation.py::test_a_query_scoped_to_b_never_returns_as_content
tests/test_knowledge_tenant_isolation.py::test_every_returned_chunk_belongs_to_the_asking_tenant
tests/test_knowledge_tenant_isolation.py::test_a_document_id_filter_cannot_reach_another_tenant
tests/test_knowledge_tenant_isolation.py::test_chunk_counts_do_not_leak_across_tenants
tests/test_knowledge_tenant_isolation.py::test_identical_documents_stay_separate_rows
tests/test_knowledge_tenant_isolation.py::test_the_tenant_filter_is_inside_the_query_not_applied_afterwards
tests/test_knowledge_tenant_isolation.py::test_a_cannot_list_bs_documents
tests/test_knowledge_tenant_isolation.py::test_a_cannot_fetch_bs_document
tests/test_knowledge_tenant_isolation.py::test_a_cannot_delete_bs_document
tests/test_knowledge_tenant_isolation.py::test_a_cannot_hard_delete_bs_document
tests/test_knowledge_tenant_isolation.py::test_a_cannot_reindex_bs_document
tests/test_knowledge_tenant_isolation.py::test_a_cannot_restore_bs_document
tests/test_knowledge_tenant_isolation.py::test_search_never_crosses_tenants
tests/test_knowledge_tenant_isolation.py::test_stats_only_count_the_callers_own_tenant
tests/test_knowledge_tenant_isolation.py::test_uploading_the_same_file_as_another_tenant_is_allowed
tests/test_knowledge_tenant_isolation.py::test_metadata_filters_cannot_reach_another_tenant
tests/test_knowledge_tenant_isolation.py::test_a_filter_only_narrows_the_callers_own_tenant
tests/test_knowledge_tenant_isolation.py::test_filter_result_counts_do_not_reveal_another_tenants_documents
tests/test_knowledge_tenant_isolation.py::test_an_unknown_filter_field_is_rejected_not_ignored
tests/test_knowledge_tenant_isolation.py::test_a_filter_cannot_override_the_tenant_predicate
tests/test_legacy_lead_routes.py::test_bulk_import_url_and_response_shape_unchanged
tests/test_legacy_lead_routes.py::test_bulk_import_skips_duplicates_within_the_environment
tests/test_legacy_lead_routes.py::test_same_phone_may_exist_in_two_environments
tests/test_legacy_lead_routes.py::test_bulk_import_refuses_a_cross_environment_campaign
tests/test_legacy_lead_routes.py::test_bulk_import_refuses_a_foreign_environment
tests/test_legacy_lead_routes.py::test_list_url_shape_and_environment_scope
tests/test_legacy_lead_routes.py::test_do_not_call_route_goes_through_consent_and_history
tests/test_legacy_lead_routes.py::test_do_not_call_from_the_wrong_environment_is_404
tests/test_legacy_lead_routes.py::test_legacy_campaign_urls_still_work
tests/test_legacy_lead_routes.py::test_foreign_tenant_manager_gets_404_on_every_legacy_url
tests/test_legacy_lead_routes.py::test_viewer_cannot_write_legacy_lead_routes
tests/test_license_routes.py::test_owner_can_issue_a_verifiable_license
tests/test_license_routes.py::test_issue_rejects_out_of_range_payloads
tests/test_license_routes.py::test_verify_endpoint_is_public_and_honest
tests/test_license_routes.py::test_issue_requires_owner
tests/test_licensing.py::test_round_trip
tests/test_licensing.py::test_tampered_token_is_rejected
tests/test_licensing.py::test_expired_token_is_rejected
tests/test_licensing.py::test_garbage_inputs_are_rejected
tests/test_licensing.py::test_different_key_rejects
tests/test_llm_factory.py::test_all_three_providers_have_presets
tests/test_llm_factory.py::test_preset_fast_is_openai
tests/test_llm_factory.py::test_preset_natural_is_claude
tests/test_llm_factory.py::test_preset_cheap_is_gemini
tests/test_llm_factory.py::test_resolve_uses_preset
tests/test_llm_factory.py::test_resolve_uses_custom_pair
tests/test_llm_factory.py::test_resolve_defaults_to_natural
tests/test_llm_factory.py::test_unknown_preset_falls_back
tests/test_llm_factory.py::test_build_llm_raises_without_any_key
tests/test_llm_factory.py::test_all_presets_are_low_latency
tests/test_llm_factory.py::test_an_llm_choice_carries_no_credential
tests/test_llm_factory.py::test_api_key_for_reads_the_configured_key
tests/test_llm_factory.py::test_api_key_for_knows_nothing_about_unknown_providers
tests/test_llm_factory.py::test_a_whitespace_key_counts_as_unset
tests/test_llm_factory.py::test_validate_llm_config_raises_a_typed_configuration_error
tests/test_llm_factory.py::test_the_configuration_error_never_carries_another_providers_key
tests/test_llm_factory.py::test_validate_llm_config_returns_the_choice_to_use
tests/test_llm_factory.py::test_validate_llm_config_refuses_an_unknown_provider
tests/test_llm_factory.py::test_select_for_use_keeps_the_requested_provider_when_it_has_a_key
tests/test_llm_factory.py::test_select_for_use_falls_back_to_a_configured_provider
tests/test_llm_factory.py::test_the_text_and_voice_fallbacks_agree
tests/test_llm_factory.py::test_select_for_use_needs_at_least_one_key
tests/test_llm_factory.py::test_select_for_use_refuses_an_unknown_provider
tests/test_loadtest_safety.py::test_loopback_targets_always_allowed
tests/test_loadtest_safety.py::test_remote_target_refused_without_opt_in
tests/test_loadtest_safety.py::test_remote_target_allowed_with_explicit_opt_in
tests/test_loadtest_safety.py::test_missing_host_is_refused
tests/test_loadtest_safety.py::test_allow_remote_parses_truthy_values
tests/test_memory_safe_final_validation.py::test_chunk_partition_is_ordered_bounded_and_lossless
tests/test_memory_safe_final_validation.py::test_collection_parser_does_not_treat_summary_as_a_nodeid
tests/test_memory_safe_final_validation.py::test_result_classifier_distinguishes_assertion_from_resource_termination
tests/test_memory_safe_final_validation.py::test_pytest_counter_parser_uses_only_terminal_summary_lines
tests/test_memory_safe_final_validation.py::test_pytest_counter_parser_accepts_the_clock_suffix_from_long_runs
tests/test_memory_safe_final_validation.py::test_plan_only_marks_every_collected_test_not_run
tests/test_memory_safe_final_validation.py::test_zero_exit_without_a_terminal_summary_remains_unconfirmed
tests/test_memory_safe_final_validation.py::test_resource_terminated_chunk_is_unconfirmed_not_passed_or_not_run
tests/test_messaging_lead_environment.py::test_stop_from_an_unknown_number_creates_a_scoped_dnc_lead
tests/test_messaging_lead_environment.py::test_stop_on_an_existing_production_lead
tests/test_messaging_lead_environment.py::test_start_never_reverses_do_not_call
tests/test_messaging_lead_environment.py::test_start_on_a_normal_lead_records_sms_consent_only
tests/test_messaging_lead_environment.py::test_the_same_phone_is_independent_per_tenant
tests/test_messaging_lead_environment.py::test_stop_in_production_never_mutates_a_staging_lead
tests/test_messaging_lead_environment.py::test_a_dnc_lead_gets_no_conversation_reply
tests/test_messaging_lead_environment.py::test_duplicate_delivery_is_answered_silently
tests/test_metrics.py::test_metrics_endpoint_is_disabled_by_default
tests/test_metrics.py::test_metrics_requires_the_token_when_configured
tests/test_metrics.py::test_metrics_is_open_when_no_token_is_configured
tests/test_metrics.py::test_middleware_counts_requests
tests/test_metrics.py::test_set_db_up_is_reflected_in_the_scrape_output
tests/test_migration_compatibility.py::test_canonical_revision_ids_fit_default_alembic_version_column[0017_organization_environment_foundation-0017_org_environment_foundation]
tests/test_migration_compatibility.py::test_canonical_revision_ids_fit_default_alembic_version_column[0018_organization_memberships_quotas-0018_org_memberships_quotas]
tests/test_migration_compatibility.py::test_canonical_revision_ids_fit_default_alembic_version_column[0019_environment_scope_business_resources-0019_env_scope_business_res]
tests/test_migration_compatibility.py::test_canonical_revision_ids_fit_default_alembic_version_column[0020_durable_enterprise_operations-0020_durable_enterprise_ops]
tests/test_migration_compatibility.py::test_canonical_revision_ids_fit_default_alembic_version_column[0024_qa_conversation_intelligence-0024_qa_conversation_intel]
tests/test_migration_compatibility.py::test_canonical_revision_ids_fit_default_alembic_version_column[0031_workflow_persistence_hardening-0031_workflow_persistence_hard]
tests/test_migration_compatibility.py::test_canonical_revision_ids_fit_default_alembic_version_column[0032_enterprise_governance_foundation-0032_enterprise_governance_found]
tests/test_migration_compatibility.py::test_canonical_revision_ids_fit_default_alembic_version_column[0034_review_and_specialized_persistence-0034_review_specialized_persist]
tests/test_migration_compatibility.py::test_canonical_revision_ids_fit_default_alembic_version_column[0035_enterprise_compliance_roi_deployment-0035_compliance_roi_deployment]
tests/test_migration_compatibility.py::test_canonical_revision_ids_fit_default_alembic_version_column[0036_runtime_deployment_observability-0036_runtime_deployment_observ]
tests/test_migration_compatibility.py::test_canonical_revision_ids_fit_default_alembic_version_column[0038_agent_chat_contact_conductor-0038_agent_chat_conductor]
tests/test_migration_compatibility.py::test_canonical_revision_ids_fit_default_alembic_version_column[0045_request_idempotency_receipts-0045_request_idem_receipts]
tests/test_migration_compatibility.py::test_known_legacy_stamp_is_rewritten_without_schema_changes[0017_organization_environment_foundation-0017_org_environment_foundation]
tests/test_migration_compatibility.py::test_known_legacy_stamp_is_rewritten_without_schema_changes[0018_organization_memberships_quotas-0018_org_memberships_quotas]
tests/test_migration_compatibility.py::test_known_legacy_stamp_is_rewritten_without_schema_changes[0019_environment_scope_business_resources-0019_env_scope_business_res]
tests/test_migration_compatibility.py::test_known_legacy_stamp_is_rewritten_without_schema_changes[0020_durable_enterprise_operations-0020_durable_enterprise_ops]
tests/test_migration_compatibility.py::test_known_legacy_stamp_is_rewritten_without_schema_changes[0024_qa_conversation_intelligence-0024_qa_conversation_intel]
tests/test_migration_compatibility.py::test_known_legacy_stamp_is_rewritten_without_schema_changes[0031_workflow_persistence_hardening-0031_workflow_persistence_hard]
tests/test_migration_compatibility.py::test_known_legacy_stamp_is_rewritten_without_schema_changes[0032_enterprise_governance_foundation-0032_enterprise_governance_found]
tests/test_migration_compatibility.py::test_known_legacy_stamp_is_rewritten_without_schema_changes[0034_review_and_specialized_persistence-0034_review_specialized_persist]
tests/test_migration_compatibility.py::test_known_legacy_stamp_is_rewritten_without_schema_changes[0035_enterprise_compliance_roi_deployment-0035_compliance_roi_deployment]
tests/test_migration_compatibility.py::test_known_legacy_stamp_is_rewritten_without_schema_changes[0036_runtime_deployment_observability-0036_runtime_deployment_observ]
tests/test_migration_compatibility.py::test_known_legacy_stamp_is_rewritten_without_schema_changes[0038_agent_chat_contact_conductor-0038_agent_chat_conductor]
tests/test_migration_compatibility.py::test_known_legacy_stamp_is_rewritten_without_schema_changes[0045_request_idempotency_receipts-0045_request_idem_receipts]
tests/test_migration_compatibility.py::test_every_legacy_alias_targets_a_revision_in_the_current_graph
tests/test_migration_compatibility.py::test_unrecognized_revision_and_missing_table_are_left_untouched
tests/test_migration_compatibility.py::test_conflicting_legacy_and_canonical_stamps_fail_closed
tests/test_migration_compatibility.py::test_boolean_migration_defaults_avoid_integer_literals
tests/test_migration_compatibility.py::test_membership_migration_reuses_the_existing_postgresql_userrole_enum
tests/test_observability_configs.py::test_alerts_every_rule_has_severity_and_runbook
tests/test_observability_configs.py::test_alerts_reference_only_real_metrics
tests/test_observability_configs.py::test_slo_recording_rules_exist_and_are_well_formed
tests/test_observability_configs.py::test_slo_expressions_reference_only_real_metrics
tests/test_observability_configs.py::test_prometheus_scrapes_both_processes_and_loads_rules
tests/test_observability_configs.py::test_dashboard_is_valid_and_references_real_metrics
tests/test_observability_configs.py::test_json_renderer_produces_machine_readable_record
tests/test_observability_configs.py::test_log_pipeline_redacts_before_rendering
tests/test_observability_metrics.py::test_call_outcome_unknown_collapses_to_unknown
tests/test_observability_metrics.py::test_call_outcome_known_values_are_counted_verbatim
tests/test_observability_metrics.py::test_call_answered_counter_increments
tests/test_observability_metrics.py::test_observe_call_duration_ignores_none_and_negatives
tests/test_observability_metrics.py::test_observe_call_duration_records_positive_seconds
tests/test_observability_metrics.py::test_llm_tokens_unknown_provider_collapses_to_other
tests/test_observability_metrics.py::test_llm_tokens_known_provider_is_counted
tests/test_observability_metrics.py::test_llm_tokens_ignores_nonpositive
tests/test_observability_metrics.py::test_tts_and_stt_chars_count_only_positives
tests/test_observability_metrics.py::test_cost_known_price_records_dollars_and_volume
tests/test_observability_metrics.py::test_cost_unknown_price_records_only_unknown_and_volume
tests/test_observability_metrics.py::test_cost_unknown_resource_is_ignored
tests/test_observability_metrics.py::test_job_run_unknown_job_is_dropped
tests/test_observability_metrics.py::test_job_run_known_job_records_outcome
tests/test_observability_metrics.py::test_job_last_success_is_set_on_success_only
tests/test_observability_metrics.py::test_stuck_side_effects_drop_unknown_kinds
tests/test_observability_metrics.py::test_label_vocabularies_are_bounded_frozensets
tests/test_ops_toolkit.py::test_preflight_missing_docker_is_blocked
tests/test_ops_toolkit.py::test_preflight_missing_postgresql_is_blocked
tests/test_ops_toolkit.py::test_preflight_missing_rclone_is_blocked
tests/test_ops_toolkit.py::test_preflight_exit_code_is_blocked_when_tools_missing
tests/test_ops_toolkit.py::test_staging_target_validation_accepts_staging
tests/test_ops_toolkit.py::test_staging_target_validation_rejects_production
tests/test_ops_toolkit.py::test_production_target_rejection_blocks_backup
tests/test_ops_toolkit.py::test_production_target_rejection_blocks_restore
tests/test_ops_toolkit.py::test_provider_skipped_is_skipped_not_pass
tests/test_ops_toolkit.py::test_provider_pass_is_pass
tests/test_ops_toolkit.py::test_provider_failure_is_fail
tests/test_ops_toolkit.py::test_tls_invalid_certificate_fails
tests/test_ops_toolkit.py::test_tls_valid_response_passes
tests/test_ops_toolkit.py::test_tls_localhost_plain_http_is_not_applicable
tests/test_ops_toolkit.py::test_tls_no_url_is_blocked
tests/test_ops_toolkit.py::test_egress_blocked_outside_container
tests/test_ops_toolkit.py::test_egress_fails_when_deny_target_reachable
tests/test_ops_toolkit.py::test_egress_passes_when_deny_blocked_and_allow_reachable
tests/test_ops_toolkit.py::test_egress_without_allowlist_is_blocked
tests/test_ops_toolkit.py::test_cost_missing_prices_are_unknown_blocked
tests/test_ops_toolkit.py::test_cost_valid_configuration_passes
tests/test_ops_toolkit.py::test_cost_negative_price_fails
tests/test_ops_toolkit.py::test_evidence_merge_adds_new_record
tests/test_ops_toolkit.py::test_evidence_merge_preserves_history
tests/test_ops_toolkit.py::test_evidence_merge_is_idempotent
tests/test_ops_toolkit.py::test_evidence_merge_preserves_unrelated_keys
tests/test_ops_toolkit.py::test_release_gate_reads_merged_evidence
tests/test_ops_toolkit.py::test_production_mutation_guard_blocks_every_staging_op
tests/test_ops_toolkit.py::test_restore_requires_explicit_target_db
tests/test_ops_toolkit.py::test_backup_integrity_missing_file_fails
tests/test_ops_toolkit.py::test_backup_integrity_empty_file_fails
tests/test_ops_toolkit.py::test_drift_detection_reports_commit_mismatch
tests/test_ops_toolkit.py::test_drift_detection_clean_when_identical
tests/test_ops_toolkit.py::test_exit_code_mapping
tests/test_ops_toolkit.py::test_env_template_files_are_not_secret_files
tests/test_ops_toolkit.py::test_real_env_file_is_secret_file
tests/test_ops_toolkit.py::test_key_and_netrc_files_are_secret_files
tests/test_ops_toolkit.py::test_aws_documented_example_key_is_not_a_secret
tests/test_ops_toolkit.py::test_real_looking_key_is_detected
tests/test_ops_toolkit.py::test_preflight_security_section_passes_on_clean_repo
tests/test_outbound.py::test_call_window[3-False]
tests/test_outbound.py::test_call_window[8-False]
tests/test_outbound.py::test_call_window[9-True]
tests/test_outbound.py::test_call_window[13-True]
tests/test_outbound.py::test_call_window[19-True]
tests/test_outbound.py::test_call_window[20-False]
tests/test_outbound.py::test_call_window[21-False]
tests/test_outbound.py::test_window_respects_tenant_timezone
tests/test_outbound.py::test_next_window_start_before_open
tests/test_outbound.py::test_next_window_start_after_close_is_tomorrow
tests/test_outbound.py::test_next_window_start_inside_window_is_now
tests/test_outbound.py::test_backoff_grows_then_caps
tests/test_outbound.py::test_backoff_handles_zero
tests/test_outbound.py::test_twiml_url_carries_ids
tests/test_outbound.py::test_hot_lead_scores_high
tests/test_outbound.py::test_cold_lead_scores_low
tests/test_outbound.py::test_unknown_timeline_scores_zero_base
tests/test_outbound.py::test_score_never_exceeds_100
tests/test_outbound.py::test_score_ordering_is_sane
tests/test_outbound.py::test_crm_payload_is_flat_and_complete
tests/test_outbound.py::test_crm_payload_outbound_uses_to_number_as_contact
tests/test_outbound.py::test_gohighlevel_mapping_splits_name_and_tags
tests/test_outbound.py::test_gohighlevel_handles_missing_name
tests/test_outbound.py::test_crm_headers_per_provider
tests/test_outbound.py::test_crm_push_without_url_is_noop
tests/test_outbound.py::test_reminder_text_is_human_and_actionable
tests/test_outbound.py::test_reminder_text_without_name_still_reads_ok
tests/test_outbound.py::test_reminder_call_script_asks_a_question
tests/test_outbound_call_route_hardening.py::test_cancel_replay_precedes_terminal_status_and_provider_readiness
tests/test_outbound_call_route_hardening.py::test_no_answer_call_is_terminal_for_cancel
tests/test_outbound_call_route_hardening.py::test_retry_rechecks_tenant_dnc_and_records_failed_receipt
tests/test_outbound_call_route_hardening.py::test_retry_rechecks_recorded_voice_consent
tests/test_outbound_call_route_hardening.py::test_retry_rechecks_calling_window_before_provider_dial
tests/test_outbound_call_route_hardening.py::test_bulk_rolls_back_each_failed_item_and_returns_stable_batch_id
tests/test_performance_smoke.py::test_password_hash_cost_stays_bounded
tests/test_performance_smoke.py::test_stream_token_round_trip_is_fast
tests/test_performance_smoke.py::test_message_segment_counting_is_fast
tests/test_performance_smoke.py::test_retention_cutoff_math_is_constant_time
tests/test_phone.py::test_valid_numbers_normalize[+15550101234-+15550101234]
tests/test_phone.py::test_valid_numbers_normalize[+1 (555) 010-1234-+15550101234]
tests/test_phone.py::test_valid_numbers_normalize[+1.555.010.1234-+15550101234]
tests/test_phone.py::test_valid_numbers_normalize[  +15550101234  -+15550101234]
tests/test_phone.py::test_valid_numbers_normalize[0015550101234-+15550101234]
tests/test_phone.py::test_valid_numbers_normalize[+44 20 7946 0958-+442079460958]
tests/test_phone.py::test_valid_numbers_normalize[+8801712345678-+8801712345678]
tests/test_phone.py::test_valid_numbers_normalize[+1\u2013555\u20130101234-+15550101234]
tests/test_phone.py::test_invalid_numbers_are_rejected[None]
tests/test_phone.py::test_invalid_numbers_are_rejected[]
tests/test_phone.py::test_invalid_numbers_are_rejected[   ]
tests/test_phone.py::test_invalid_numbers_are_rejected[5550101234]
tests/test_phone.py::test_invalid_numbers_are_rejected[555-0101]
tests/test_phone.py::test_invalid_numbers_are_rejected[+1555]
tests/test_phone.py::test_invalid_numbers_are_rejected[+1555abc0101]
tests/test_phone.py::test_invalid_numbers_are_rejected[+0155501012]
tests/test_phone.py::test_invalid_numbers_are_rejected[not a number]
tests/test_phone.py::test_invalid_numbers_are_rejected[+1234567890123456]
tests/test_phone.py::test_local_number_is_never_silently_given_a_country_code
tests/test_phone.py::test_twilio_endpoints_pass_through_untouched
tests/test_phone.py::test_is_valid_and_try_normalize
tests/test_phone.py::test_same_number_is_format_insensitive
tests/test_phone.py::test_redact_keeps_correlation_but_not_the_number
tests/test_placeholder_security_regressions.py::test_trigger_requires_existing_tenant_workflow[malformed]
tests/test_placeholder_security_regressions.py::test_trigger_requires_existing_tenant_workflow[missing]
tests/test_placeholder_security_regressions.py::test_trigger_requires_existing_tenant_workflow[foreign]
tests/test_placeholder_security_regressions.py::test_trigger_requires_existing_tenant_workflow[owned]
tests/test_placeholder_security_regressions.py::test_monitor_end_enforces_owner_or_effective_admin[manager-False-False]
tests/test_placeholder_security_regressions.py::test_monitor_end_enforces_owner_or_effective_admin[manager-True-True]
tests/test_placeholder_security_regressions.py::test_monitor_end_enforces_owner_or_effective_admin[admin-False-True]
tests/test_placeholder_security_regressions.py::test_monitor_end_enforces_owner_or_effective_admin[owner-False-True]
tests/test_production_infra.py::test_liveness_endpoint_returns_ok
tests/test_production_infra.py::test_readiness_ok_when_database_is_reachable
tests/test_production_infra.py::test_readiness_unavailable_when_database_is_down
tests/test_production_infra.py::test_sentry_dsn_defaults_to_empty
tests/test_production_infra.py::test_logging_defaults
tests/test_production_infra.py::test_renderer_selection
tests/test_production_infra.py::test_sentry_init_is_guarded_by_dsn
tests/test_production_infra.py::test_dashboard_mount_is_gated_on_dist_presence
tests/test_production_infra.py::test_dashboard_helper_does_nothing_without_dist
tests/test_production_infra.py::test_dashboard_spa_is_served_when_dist_exists
tests/test_production_safety.py::test_production_startup_does_not_create_tables
tests/test_production_safety.py::test_development_startup_creates_tables
tests/test_production_safety.py::test_production_disables_api_docs
tests/test_production_safety.py::test_development_keeps_api_docs
tests/test_production_safety.py::test_production_docs_endpoints_return_404
tests/test_production_safety.py::test_development_docs_endpoints_are_available
tests/test_production_safety.py::test_development_with_bypass_disabled_requires_signature
tests/test_production_safety.py::test_development_with_bypass_enabled_skips_signature
tests/test_production_safety.py::test_production_with_bypass_disabled_requires_signature
tests/test_production_safety.py::test_production_with_bypass_enabled_is_rejected_by_security_validation
tests/test_production_safety.py::test_bypass_flag_defaults_to_false
tests/test_prompt3_surfaces.py::test_connector_registry_contains_only_protocol_implementations
tests/test_prompt3_surfaces.py::test_oauth_start_persists_one_time_pkce_state
tests/test_prompt3_surfaces.py::test_api_tool_executes_real_http_contract_and_masks_result
tests/test_prompt3_surfaces.py::test_mcp_execution_validates_arguments_and_uses_json_rpc
tests/test_prompt3_surfaces.py::test_outbound_ssrf_guard_rejects_reserved_targets[http://127.0.0.1/x]
tests/test_prompt3_surfaces.py::test_outbound_ssrf_guard_rejects_reserved_targets[https://169.254.169.254/]
tests/test_prompt3_surfaces.py::test_outbound_ssrf_guard_rejects_reserved_targets[https://localhost/x]
tests/test_prompt3_surfaces.py::test_outbound_ssrf_guard_rejects_reserved_targets[ftp://example.com/x]
tests/test_prompt3_surfaces.py::test_url_ingest_canonicalizes_http_urls_and_rejects_non_web_schemes
tests/test_prompt3_surfaces.py::test_memory_secret_store_is_tenant_scoped
tests/test_prompt3_surfaces.py::test_privacy_policy_masks_and_tokenizes_without_logging_raw_values
tests/test_prompt3_surfaces.py::test_signed_webhook_is_replay_window_bound
tests/test_prompt3_surfaces.py::test_mcp_schema_normalization_and_transport_allowlist
tests/test_prompt3_surfaces.py::test_api_tool_requires_https_and_supported_method
tests/test_prompt6_runtime.py::test_health_and_runtime_routers_are_registered_in_application_source
tests/test_prompt6_runtime.py::test_deployment_job_type_is_registered_vocabulary
tests/test_prompt6_runtime.py::test_job_state_terminal_and_active_sets_are_disjoint
tests/test_prompt6_runtime.py::test_non_production_config_validation_is_nonfatal_for_optional_providers
tests/test_provider_lifecycle.py::test_retryability_flags_match_the_policy[ProviderConfigurationError-False]
tests/test_provider_lifecycle.py::test_retryability_flags_match_the_policy[ProviderAuthenticationError-False]
tests/test_provider_lifecycle.py::test_retryability_flags_match_the_policy[ProviderAuthorizationError-False]
tests/test_provider_lifecycle.py::test_retryability_flags_match_the_policy[ProviderRateLimitedError-True]
tests/test_provider_lifecycle.py::test_retryability_flags_match_the_policy[ProviderTimeoutError-True]
tests/test_provider_lifecycle.py::test_retryability_flags_match_the_policy[ProviderUnavailableError-True]
tests/test_provider_lifecycle.py::test_retryability_flags_match_the_policy[ProviderInvalidRequestError-False]
tests/test_provider_lifecycle.py::test_retryability_flags_match_the_policy[UnsupportedProviderFeatureError-False]
tests/test_provider_lifecycle.py::test_retryability_flags_match_the_policy[ProviderRuntimeError-False]
tests/test_provider_lifecycle.py::test_the_category_set_is_closed
tests/test_provider_lifecycle.py::test_rate_limited_error_carries_a_retry_delay
tests/test_provider_lifecycle.py::test_a_provider_error_never_renders_its_detail
tests/test_provider_lifecycle.py::test_provider_error_is_a_runtime_error
tests/test_provider_lifecycle.py::test_build_tts_rejects_a_missing_key
tests/test_provider_lifecycle.py::test_build_stt_rejects_a_missing_key
tests/test_provider_lifecycle.py::test_build_llm_rejects_an_unknown_provider
tests/test_provider_lifecycle.py::test_build_llm_rejects_when_no_provider_has_a_key
tests/test_provider_lifecycle.py::test_build_llm_constructs_every_provider[openai-gpt-4o-mini]
tests/test_provider_lifecycle.py::test_build_llm_constructs_every_provider[anthropic-claude-haiku-4-5]
tests/test_provider_lifecycle.py::test_build_llm_constructs_every_provider[google-gemini-2.0-flash]
tests/test_provider_lifecycle.py::test_build_stt_resolves_the_model_for_the_language
tests/test_provider_lifecycle.py::test_build_stt_hands_pipecat_a_live_options_object
tests/test_provider_lifecycle.py::test_build_llm_fallback_logs_no_key
tests/test_provider_lifecycle.py::test_build_stt_never_stores_the_key_in_settings
tests/test_provider_lifecycle.py::test_configuration_errors_carry_fixed_safe_messages
tests/test_provider_lifecycle.py::test_startup_provider_failure_marks_the_call_failed
tests/test_provider_lifecycle.py::test_provider_failure_cannot_regress_a_terminal_call
tests/test_provider_lifecycle.py::test_failed_finalisation_is_exactly_once
tests/test_provider_lifecycle.py::test_llm_capability_model_declares_tool_calling_for_every_provider
tests/test_provider_lifecycle.py::test_an_unknown_provider_has_no_capabilities
tests/test_provider_lifecycle.py::test_build_llm_rejects_a_provider_without_tool_calling
tests/test_provider_lifecycle.py::test_stt_capability_model_matches_the_tts_contract_style
tests/test_provider_lifecycle.py::test_provider_error_counter_uses_bounded_labels
tests/test_provider_lifecycle.py::test_a_silent_handshake_is_bounded_and_closed
tests/test_provider_lifecycle.py::test_a_normal_handshake_is_not_affected_by_the_bound
tests/test_rate_limit.py::test_sliding_window_allows_up_to_limit
tests/test_rate_limit.py::test_sliding_window_slides
tests/test_rate_limit.py::test_middleware_rejects_when_enabled
tests/test_rate_limit.py::test_middleware_passes_through_when_disabled
tests/test_rate_limit.py::test_client_ip_ignores_untrusted_forwarded_header
tests/test_rbac.py::test_every_role_has_an_entry
tests/test_rbac.py::test_permissions_are_strictly_ordered_owner_down_to_viewer
tests/test_rbac.py::test_viewer_has_no_write_permission
tests/test_rbac.py::test_only_owner_and_admin_can_manage_users
tests/test_rbac.py::test_platform_only_permissions_are_denied_to_everyone_including_owner
tests/test_rbac.py::test_campaign_run_is_not_granted_to_agent_or_viewer
tests/test_rbac.py::test_can_assign_role[owner-admin-True]
tests/test_rbac.py::test_can_assign_role[owner-owner-False]
tests/test_rbac.py::test_can_assign_role[admin-manager-True]
tests/test_rbac.py::test_can_assign_role[admin-admin-False]
tests/test_rbac.py::test_can_assign_role[admin-owner-False]
tests/test_rbac.py::test_can_assign_role[manager-agent-False]
tests/test_rbac.py::test_describe_roles_is_serializable_and_complete
tests/test_rbac.py::test_viewer_can_read_calls
tests/test_rbac.py::test_viewer_cannot_change_voice_settings
tests/test_rbac.py::test_agent_cannot_run_a_campaign
tests/test_rbac.py::test_manager_can_run_a_campaign_in_dry_run
tests/test_rbac.py::test_agent_cannot_list_team_members
tests/test_rbac.py::test_owner_can_list_team_members
tests/test_rbac.py::test_denied_requests_are_audited
tests/test_rbac.py::test_no_endpoint_accepts_a_role_claim_from_the_client
tests/test_rbac.py::test_stream_token_is_bound_to_one_call_and_expires
tests/test_rbac.py::test_twilio_signature_is_enforced_when_verification_is_enabled
tests/test_real_providers.py::test_provider_health_check[Anthropic]
tests/test_real_providers.py::test_provider_health_check[Cal.com]
tests/test_real_providers.py::test_provider_health_check[Deepgram]
tests/test_real_providers.py::test_provider_health_check[ElevenLabs]
tests/test_real_providers.py::test_provider_health_check[GoHighLevel]
tests/test_real_providers.py::test_provider_health_check[Google Calendar]
tests/test_real_providers.py::test_provider_health_check[Google LLM]
tests/test_real_providers.py::test_provider_health_check[HubSpot]
tests/test_real_providers.py::test_provider_health_check[Jobber]
tests/test_real_providers.py::test_provider_health_check[Microsoft Calendar]
tests/test_real_providers.py::test_provider_health_check[OpenAI]
tests/test_real_providers.py::test_provider_health_check[Stripe]
tests/test_real_providers.py::test_provider_health_check[Twilio]
tests/test_realtime_publisher.py::test_disabled_without_a_gateway_url_silently_does_nothing
tests/test_realtime_publisher.py::test_disabled_without_a_secret_silently_does_nothing
tests/test_realtime_publisher.py::test_publish_ok_posts_the_ingest_contract
tests/test_realtime_publisher.py::test_duplicate_acknowledgement_counts_as_success
tests/test_realtime_publisher.py::test_rejections_and_gateway_errors_return_false[401]
tests/test_realtime_publisher.py::test_rejections_and_gateway_errors_return_false[422]
tests/test_realtime_publisher.py::test_rejections_and_gateway_errors_return_false[500]
tests/test_realtime_publisher.py::test_a_gateway_timeout_returns_false_and_never_raises
tests/test_realtime_publisher.py::test_call_payload_excludes_every_content_field
tests/test_realtime_publisher.py::test_emit_publishes_to_both_rooms_with_per_room_event_ids
tests/test_realtime_publisher.py::test_event_ids_are_deterministic_and_state_material
tests/test_realtime_publisher.py::test_extra_outcome_rides_along_inside_the_payload
tests/test_realtime_publisher.py::test_one_failed_room_degrades_the_whole_event
tests/test_realtime_wiring.py::test_a_new_incoming_call_announces_call_created_once
tests/test_realtime_wiring.py::test_a_redelivered_voice_webhook_does_not_reannounce
tests/test_realtime_wiring.py::test_an_applied_status_change_announces_call_updated
tests/test_realtime_wiring.py::test_duplicate_completed_callbacks_announce_call_updated_exactly_once
tests/test_realtime_wiring.py::test_an_unknown_callsid_announces_nothing
tests/test_realtime_wiring.py::test_a_connected_transfer_announces_call_transfer
tests/test_realtime_wiring.py::test_a_busy_transfer_announces_the_failure_outcome
tests/test_realtime_wiring.py::test_a_retried_dial_callback_annotates_exactly_once
tests/test_realtime_wiring.py::test_disabled_realtime_keeps_webhooks_untouched
tests/test_release_gate.py::test_checklist_has_required_categories
tests/test_release_gate.py::test_checklist_has_real_telephony_e2e_item
tests/test_release_gate.py::test_checklist_has_all_provider_items
tests/test_release_gate.py::test_checklist_ids_unique
tests/test_release_gate.py::test_every_item_has_a_classification
tests/test_release_gate.py::test_missing_evidence_is_not_run
tests/test_release_gate.py::test_missing_evidence_never_becomes_pass
tests/test_release_gate.py::test_pass_without_evidence_is_impossible
tests/test_release_gate.py::test_p0_fail_blocks
tests/test_release_gate.py::test_p0_blocked_gives_blocked_result
tests/test_release_gate.py::test_p1_fail_blocks
tests/test_release_gate.py::test_p1_not_run_blocks
tests/test_release_gate.py::test_p2_waiver_allowed_and_closes_item
tests/test_release_gate.py::test_p0_waiver_is_invalid_and_still_blocks
tests/test_release_gate.py::test_expired_waiver_degrades_to_not_run
tests/test_release_gate.py::test_waiver_without_reason_or_approver_is_invalid
tests/test_release_gate.py::test_artifact_drift_git_commit
tests/test_release_gate.py::test_artifact_drift_dependency_fingerprint
tests/test_release_gate.py::test_artifact_drift_migration_heads
tests/test_release_gate.py::test_artifact_drift_configuration_fingerprint
tests/test_release_gate.py::test_unfrozen_artifact_is_not_ready
tests/test_release_gate.py::test_provider_result_ingestion_pass_fail_blocked_and_skipped
tests/test_release_gate.py::test_provider_results_do_not_touch_e2e
tests/test_release_gate.py::test_provider_health_aggregate_pass_only_when_complete_and_green
tests/test_release_gate.py::test_provider_health_aggregate_incomplete_is_not_run
tests/test_release_gate.py::test_provider_health_aggregate_any_fail_is_fail
tests/test_release_gate.py::test_provider_health_aggregate_any_blocked_is_blocked
tests/test_release_gate.py::test_e2e_result_pass_requires_all_fields
tests/test_release_gate.py::test_e2e_result_pass_without_fields_is_fail
tests/test_release_gate.py::test_e2e_result_not_executed_is_not_run
tests/test_release_gate.py::test_e2e_result_none_is_not_run
tests/test_release_gate.py::test_full_pass_frozen_matching_artifact_is_ready
tests/test_release_gate.py::test_p2_open_does_not_block_ready
tests/test_release_gate.py::test_backup_restore_egress_evidence_flows_through
tests/test_release_gate.py::test_external_pentest_not_run_blocks_launch
tests/test_release_gate.py::test_render_report_contains_required_lines
tests/test_release_gate.py::test_report_to_dict_round_trips_decision
tests/test_release_gate.py::test_dependency_fingerprint_ignores_comments_and_blank_lines
tests/test_release_gate.py::test_configuration_fingerprint_excludes_secrets
tests/test_release_gate.py::test_git_commit_detached_head
tests/test_release_gate.py::test_git_commit_symbolic_ref
tests/test_release_gate.py::test_git_commit_missing_repo_is_empty
tests/test_release_gate.py::test_migration_heads_from_real_tree
tests/test_release_gate.py::test_cli_default_is_not_ready
tests/test_release_gate.py::test_cli_json_output_is_valid
tests/test_release_gate.py::test_cli_freezes_artifact
tests/test_release_gate.py::test_cli_provider_results_require_optin
tests/test_retell_parity.py::test_transfer_state_machine_transitions
tests/test_retell_parity.py::test_contact_normalization_and_validation
tests/test_retell_parity.py::test_contact_memory_hygiene_and_models
tests/test_retell_parity.py::test_chat_agent_models_and_secret_rejection
tests/test_retell_parity.py::test_dynamic_variable_validation_and_runtime_checking
tests/test_retell_parity.py::test_chat_agent_service_etag_publish_rollback_and_session
tests/test_retell_parity.py::test_bounded_regex_and_json_path_validation
tests/test_retell_parity.py::test_all_deterministic_evaluators_and_zero_assertion_scorecard
tests/test_retention.py::test_recent_calls_are_kept
tests/test_retention.py::test_expired_calls_are_purged_with_their_turns
tests/test_retention.py::test_purge_is_scoped_by_age_not_tenant
tests/test_retention.py::test_repeated_purge_is_idempotent
tests/test_retention.py::test_scheduler_retention_loop_invokes_purge_and_prune_once_per_pass
tests/test_retention.py::test_prune_webhook_receipts_covers_all_four_tables
tests/test_security_headers.py::test_baseline_headers_are_always_present
tests/test_security_headers.py::test_authenticated_routes_are_no_store
tests/test_security_headers.py::test_hsts_when_served_over_tls
tests/test_security_headers.py::test_no_hsts_over_plain_http
tests/test_security_regression.py::test_request_schemas_never_expose_privileged_fields
tests/test_security_regression.py::test_pydantic_rejects_extra_privileged_fields
tests/test_security_regression.py::test_safe_filename_neutralises_traversal
tests/test_security_regression.py::test_storage_keys_are_tenant_scoped_by_construction
tests/test_security_regression.py::test_prompt_injection_phrase_is_neutralised
tests/test_security_regression.py::test_context_block_is_fenced_and_flags_untrusted_data
tests/test_security_regression.py::test_unknown_tool_name_cannot_dispatch_arbitrary_code
tests/test_security_regression.py::test_encrypted_credentials_are_unreadable_across_tenants_even_after_rotation
tests/test_security_regression.py::test_audit_has_no_write_or_delete_route
tests/test_security_regression.py::test_stream_token_is_bound_to_call_sid_and_expires
tests/test_security_regression.py::test_access_token_rejects_wrong_signature_and_alg_confusion
tests/test_security_regression.py::test_expired_token_is_rejected
tests/test_security_regression.py::test_trusted_hosts_defaults_to_disabled
tests/test_security_regression.py::test_trusted_host_list_parses
tests/test_security_regression.py::test_trusted_host_middleware_rejects_foreign_host
tests/test_security_txt.py::test_security_txt_404_without_a_configured_contact
tests/test_security_txt.py::test_security_txt_serves_the_configured_contact
tests/test_session_timezone_contract.py::test_session_liveness_normalizes_database_and_clock[False-False]
tests/test_session_timezone_contract.py::test_session_liveness_normalizes_database_and_clock[False-True]
tests/test_session_timezone_contract.py::test_session_liveness_normalizes_database_and_clock[True-False]
tests/test_session_timezone_contract.py::test_session_liveness_normalizes_database_and_clock[True-True]
tests/test_session_timezone_contract.py::test_non_utc_offsets_do_not_extend_expired_session[expires_at]
tests/test_session_timezone_contract.py::test_non_utc_offsets_do_not_extend_expired_session[idle_expires_at]
tests/test_session_timezone_contract.py::test_revoked_session_stays_revoked
tests/test_side_effect_exactly_once.py::test_reminder_claim_wins_once_and_loses_within_lease
tests/test_side_effect_exactly_once.py::test_an_expired_reminder_lease_can_be_reclaimed
tests/test_side_effect_exactly_once.py::test_a_live_lease_is_not_reaped
tests/test_side_effect_exactly_once.py::test_reminder_tick_sends_each_due_reminder_once
tests/test_side_effect_exactly_once.py::test_reminder_tick_skips_a_leased_reminder
tests/test_side_effect_exactly_once.py::test_send_reminder_result_redacts_the_number
tests/test_side_effect_exactly_once.py::test_outbound_claim_is_compare_and_set
tests/test_side_effect_exactly_once.py::test_a_lost_claim_never_dials
tests/test_side_effect_exactly_once.py::test_place_call_claims_before_dialing_and_records_the_call
tests/test_side_effect_exactly_once.py::test_a_duplicate_worker_claim_does_not_double_deliver
tests/test_side_effect_exactly_once.py::test_knowledge_claim_is_atomic
tests/test_side_effect_exactly_once.py::test_a_redelivered_message_is_answered_only_once
tests/test_side_effect_exactly_once.py::test_message_receipts_are_pruned_by_age
tests/test_side_effect_exactly_once.py::test_side_effect_metrics_are_bounded_and_ignored_when_unknown
tests/test_side_effect_exactly_once.py::test_a_lease_on_one_tenants_reminder_does_not_block_another
tests/test_ssrf.py::test_public_https_urls_are_accepted[https://api.hubapi.com/crm/v3/objects/contacts]
tests/test_ssrf.py::test_public_https_urls_are_accepted[https://services.leadconnectorhq.com/contacts/]
tests/test_ssrf.py::test_public_https_urls_are_accepted[https://api.getjobber.com/api/graphql]
tests/test_ssrf.py::test_public_https_urls_are_accepted[https://www.googleapis.com/calendar/v3]
tests/test_ssrf.py::test_public_https_urls_are_accepted[https://login.microsoftonline.com/common/oauth2/v2.0/token]
tests/test_ssrf.py::test_public_https_urls_are_accepted[https://api.cal.com/v2]
tests/test_ssrf.py::test_public_https_urls_are_accepted[https://ghl.test]
tests/test_ssrf.py::test_public_https_urls_are_accepted[https://hubspot.test]
tests/test_ssrf.py::test_public_https_urls_are_accepted[https://jobber.test/graphql]
tests/test_ssrf.py::test_public_https_urls_are_accepted[https://gcal.test/v3]
tests/test_ssrf.py::test_public_https_urls_are_accepted[https://oauth.test/token]
tests/test_ssrf.py::test_public_https_urls_are_accepted[https://example.com:8443/join/room?token=abc]
tests/test_ssrf.py::test_non_http_schemes_are_rejected[ftp://files.example.com/x]
tests/test_ssrf.py::test_non_http_schemes_are_rejected[file:///etc/passwd]
tests/test_ssrf.py::test_non_http_schemes_are_rejected[gopher://example.com]
tests/test_ssrf.py::test_non_http_schemes_are_rejected[javascript:alert(1)]
tests/test_ssrf.py::test_non_http_schemes_are_rejected[vbscript:msgbox(1)]
tests/test_ssrf.py::test_non_http_schemes_are_rejected[data:text/html,<script>alert(1)</script>]
tests/test_ssrf.py::test_userinfo_is_rejected
tests/test_ssrf.py::test_empty_and_malformed_urls_are_rejected
tests/test_ssrf.py::test_loopback_is_rejected[http://127.0.0.1]
tests/test_ssrf.py::test_loopback_is_rejected[http://127.0.0.1:8000/health]
tests/test_ssrf.py::test_loopback_is_rejected[http://0.0.0.0]
tests/test_ssrf.py::test_loopback_is_rejected[http://[::1]]
tests/test_ssrf.py::test_loopback_is_rejected[http://localhost]
tests/test_ssrf.py::test_loopback_is_rejected[https://localhost]
tests/test_ssrf.py::test_loopback_is_rejected[http://localhost:5432]
tests/test_ssrf.py::test_loopback_is_rejected[http://sub.localhost]
tests/test_ssrf.py::test_private_addresses_are_rejected[http://10.0.0.1]
tests/test_ssrf.py::test_private_addresses_are_rejected[http://172.16.0.1]
tests/test_ssrf.py::test_private_addresses_are_rejected[http://192.168.1.1]
tests/test_ssrf.py::test_private_addresses_are_rejected[http://[::ffff:192.168.1.1]]
tests/test_ssrf.py::test_private_addresses_are_rejected[http://[fc00::1]]
tests/test_ssrf.py::test_private_addresses_are_rejected[http://[fec0::1]]
tests/test_ssrf.py::test_link_local_and_metadata_are_rejected[http://169.254.169.254/latest/meta-data/]
tests/test_ssrf.py::test_link_local_and_metadata_are_rejected[http://[fe80::1]]
tests/test_ssrf.py::test_internal_and_special_use_hostnames_are_rejected[http://metadata.google.internal]
tests/test_ssrf.py::test_internal_and_special_use_hostnames_are_rejected[http://metadata]
tests/test_ssrf.py::test_internal_and_special_use_hostnames_are_rejected[http://instance-data]
tests/test_ssrf.py::test_internal_and_special_use_hostnames_are_rejected[http://instance-data.ec2.internal]
tests/test_ssrf.py::test_internal_and_special_use_hostnames_are_rejected[http://foo.local]
tests/test_ssrf.py::test_internal_and_special_use_hostnames_are_rejected[http://foo.internal]
tests/test_ssrf.py::test_internal_and_special_use_hostnames_are_rejected[http://a.localhost]
tests/test_ssrf.py::test_require_https_blocks_plain_http_but_not_vice_versa
tests/test_ssrf.py::test_crm_base_url_private_ip_is_rejected_at_the_api
tests/test_ssrf.py::test_crm_base_url_https_public_is_accepted
tests/test_ssrf.py::test_webhook_url_private_target_is_rejected_at_the_api
tests/test_ssrf.py::test_calendar_token_url_localhost_is_rejected_at_the_api
tests/test_ssrf.py::test_calendar_base_url_metadata_host_is_rejected_at_the_api
tests/test_ssrf.py::test_ghl_provider_rejects_private_base_url_at_use
tests/test_ssrf.py::test_ghl_provider_accepts_public_https_base_url
tests/test_ssrf.py::test_google_provider_rejects_loopback_base_url_at_use
tests/test_ssrf.py::test_google_provider_accepts_public_https_base_url
tests/test_stable_id_and_release_facts.py::test_two_argument_call_is_unchanged
tests/test_stable_id_and_release_facts.py::test_variadic_parts_are_folded_in_order
tests/test_stable_id_and_release_facts.py::test_parts_are_normalised_consistently
tests/test_stable_id_and_release_facts.py::test_order_of_parts_matters
tests/test_stable_id_and_release_facts.py::test_tenant_id_is_not_normalised
tests/test_stable_id_and_release_facts.py::test_missing_parts_is_a_programming_error_not_a_silent_collision
tests/test_stable_id_and_release_facts.py::test_migration_heads_reports_a_single_head
tests/test_stable_id_and_release_facts.py::test_annotated_revisions_are_parsed
tests/test_stable_id_and_release_facts.py::test_every_migration_file_contributes_a_revision
tests/test_stream_lifecycle.py::test_correct_token_succeeds
tests/test_stream_lifecycle.py::test_token_from_another_call_fails
tests/test_stream_lifecycle.py::test_expired_token_fails
tests/test_stream_lifecycle.py::test_token_at_the_edge_of_its_window_still_works
tests/test_stream_lifecycle.py::test_future_dated_token_fails
tests/test_stream_lifecycle.py::test_malformed_tokens_fail[None]
tests/test_stream_lifecycle.py::test_malformed_tokens_fail[]
tests/test_stream_lifecycle.py::test_malformed_tokens_fail[garbage]
tests/test_stream_lifecycle.py::test_malformed_tokens_fail[123.deadbeef]
tests/test_stream_lifecycle.py::test_malformed_tokens_fail[.]
tests/test_stream_lifecycle.py::test_tampered_signature_fails
tests/test_stream_lifecycle.py::test_missing_call_sid_fails
tests/test_stream_lifecycle.py::test_stream_teardown_after_a_transfer_is_not_a_failed_call
tests/test_stream_lifecycle.py::test_stream_crash_without_a_transfer_does_mark_the_call_failed
tests/test_stream_lifecycle.py::test_stream_crash_cannot_regress_an_already_completed_call
tests/test_stt_endpoint_security.py::test_provider_rejects_untrusted_or_ambiguous_websocket_origins[ws://api.deepgram.com]
tests/test_stt_endpoint_security.py::test_provider_rejects_untrusted_or_ambiguous_websocket_origins[wss://127.0.0.1:2375]
tests/test_stt_endpoint_security.py::test_provider_rejects_untrusted_or_ambiguous_websocket_origins[wss://169.254.169.254/latest/meta-data]
tests/test_stt_endpoint_security.py::test_provider_rejects_untrusted_or_ambiguous_websocket_origins[wss://attacker.example]
tests/test_stt_endpoint_security.py::test_provider_rejects_untrusted_or_ambiguous_websocket_origins[wss://user:pass@api.deepgram.com]
tests/test_stt_endpoint_security.py::test_provider_rejects_untrusted_or_ambiguous_websocket_origins[wss://api.deepgram.com:444]
tests/test_stt_endpoint_security.py::test_provider_rejects_untrusted_or_ambiguous_websocket_origins[wss://api.deepgram.com/v1/listen?redirect=https://127.0.0.1]
tests/test_stt_endpoint_security.py::test_provider_rejects_untrusted_or_ambiguous_websocket_origins[wss://api.deepgram.com.evil.example]
tests/test_stt_endpoint_security.py::test_listen_query_encodes_user_controlled_values_and_keeps_fixed_origin
tests/test_stt_endpoint_security.py::test_stream_connection_errors_keep_api_key_out_of_url
tests/test_stt_lazy_import.py::test_importing_stt_configuration_does_not_import_provider_sdks
tests/test_stt_lazy_import.py::test_legacy_stt_service_exports_resolve_lazily_on_demand
tests/test_stuck_sweep.py::test_stuck_counts_on_empty_database
tests/test_stuck_sweep.py::test_stuck_side_effect_gauges_drop_unknown_kinds
tests/test_stuck_sweep.py::test_observability_cardinality_discipline
tests/test_team_management.py::test_owner_can_create_a_user_who_can_then_log_in
tests/test_team_management.py::test_created_user_lands_in_the_creators_tenant_only
tests/test_team_management.py::test_create_response_never_exposes_the_hash
tests/test_team_management.py::test_weak_password_is_rejected
tests/test_team_management.py::test_duplicate_email_is_a_conflict
tests/test_team_management.py::test_email_is_normalized_before_storage
tests/test_team_management.py::test_admin_cannot_create_an_owner
tests/test_team_management.py::test_owner_can_change_a_role
tests/test_team_management.py::test_role_change_forces_reauthentication
tests/test_team_management.py::test_the_last_owner_cannot_be_demoted
tests/test_team_management.py::test_the_last_owner_cannot_be_deactivated
tests/test_team_management.py::test_a_second_owner_makes_demotion_possible
tests/test_team_management.py::test_admin_cannot_deactivate_an_owner
tests/test_team_management.py::test_deactivated_user_cannot_log_in_again
tests/test_team_management.py::test_user_list_is_free_of_sensitive_fields
tests/test_team_management.py::test_management_actions_are_audited
tests/test_team_management.py::test_audit_feed_is_scoped_to_the_tenant
tests/test_telephony_runtime_e2e.py::test_phone_number_lifecycle_e164_validation_and_agent_binding
tests/test_telephony_runtime_e2e.py::test_sip_connection_validation_secret_hashing_and_test_probe
tests/test_telephony_runtime_e2e.py::test_inbound_webhook_call_routing_and_unconfigured_agent_failure
tests/test_telephony_runtime_e2e.py::test_outbound_call_lifecycle_and_provider_readiness_honesty
tests/test_telephony_runtime_e2e.py::test_call_state_machine_valid_and_illegal_transitions
tests/test_telephony_runtime_e2e.py::test_realtime_media_gateway_barge_in_dtmf_and_transfers
tests/test_telephony_security_idempotency.py::test_webhook_signature_verification_tamper_and_replay_rejection
tests/test_telephony_security_idempotency.py::test_webhook_idempotency_out_of_order_and_usage_no_double_billing
tests/test_telephony_security_idempotency.py::test_cross_organization_isolation_across_telephony_resources
tests/test_tenant_isolation.py::test_attack_1_tenant_id_swap_in_path
tests/test_tenant_isolation.py::test_attack_2_cross_tenant_call_id
tests/test_tenant_isolation.py::test_own_transcript_is_still_readable
tests/test_tenant_isolation.py::test_attack_3_body_tenant_id_is_ignored
tests/test_tenant_isolation.py::test_attack_4_self_role_escalation_via_body
tests/test_tenant_isolation.py::test_admin_cannot_promote_anyone_to_owner
tests/test_tenant_isolation.py::test_attack_5_cross_tenant_patch
tests/test_tenant_isolation.py::test_attack_6_viewer_mutation_is_denied
tests/test_tenant_isolation.py::test_attack_7_agent_manage_users
tests/test_tenant_isolation.py::test_attack_8_admin_cross_tenant_user_management
tests/test_tenant_isolation.py::test_team_list_only_shows_own_tenant
tests/test_tenant_isolation.py::test_attack_9_anonymous_access_is_refused_everywhere
tests/test_tenant_isolation.py::test_list_tenants_returns_only_your_own
tests/test_tenant_isolation.py::test_lists_never_bleed_rows_across_tenants
tests/test_tenant_isolation.py::test_nonexistent_random_uuid_also_returns_404
tests/test_text_agent.py::test_construction_uses_the_selection_and_the_configured_key
tests/test_text_agent.py::test_construction_is_total_for_every_supported_provider
tests/test_text_agent.py::test_construction_against_the_real_tenant_model
tests/test_text_agent.py::test_missing_credential_is_a_typed_configuration_error
tests/test_text_agent.py::test_no_provider_configured_at_all_is_reported_per_provider
tests/test_text_agent.py::test_unknown_provider_is_refused_rather_than_silently_switched
tests/test_text_agent.py::test_text_agent_refuses_where_the_voice_path_falls_back
tests/test_text_agent.py::test_successful_reply_keeps_the_documented_shape
tests/test_text_agent.py::test_openai_path_is_used_for_openai_and_google
tests/test_text_agent.py::test_tool_calls_are_dispatched_and_reported
tests/test_text_agent.py::test_openai_tool_round_trip
tests/test_text_agent.py::test_a_runaway_tool_loop_is_capped
tests/test_text_agent.py::test_sms_reply_is_shaped_for_the_channel
tests/test_text_agent.py::test_provider_failures_are_typed[raised0-ProviderRuntimeError]
tests/test_text_agent.py::test_provider_failures_are_typed[raised1-ProviderTimeoutError]
tests/test_text_agent.py::test_provider_failures_are_typed[raised2-ProviderTimeoutError]
tests/test_text_agent.py::test_provider_failures_are_typed[raised3-ProviderRateLimitedError]
tests/test_text_agent.py::test_provider_failures_are_typed[raised4-ProviderAuthenticationError]
tests/test_text_agent.py::test_provider_failures_are_typed[raised5-ProviderUnavailableError]
tests/test_text_agent.py::test_provider_failures_are_typed[raised6-ProviderUnavailableError]
tests/test_text_agent.py::test_provider_failures_are_typed_on_the_openai_path_too
tests/test_text_agent.py::test_timeout_is_retryable_and_auth_failure_is_not
tests/test_text_agent.py::test_the_original_exception_stays_in_the_chain
tests/test_text_agent.py::test_a_provider_error_never_carries_the_sdk_message_or_a_key
tests/test_text_agent.py::test_a_malformed_provider_response_is_not_converted_into_a_provider_error
tests/test_text_agent.py::test_an_empty_choices_list_is_our_index_error
tests/test_text_agent.py::test_invalid_tool_arguments_json_is_our_json_error
tests/test_text_agent.py::test_an_unrecognised_exception_keeps_its_identity_when_it_is_typed
tests/test_transfer.py::test_valid_escalation_actually_performs_the_transfer
tests/test_transfer.py::test_destination_is_normalized_before_dialing
tests/test_transfer.py::test_transfer_twiml_carries_an_action_callback
tests/test_transfer.py::test_missing_destination_fails_safely
tests/test_transfer.py::test_invalid_destination_fails_safely
tests/test_transfer.py::test_provider_failure_persists_and_does_not_claim_success
tests/test_transfer.py::test_provider_error_text_never_reaches_the_caller
tests/test_transfer.py::test_already_completed_call_cannot_transfer
tests/test_transfer.py::test_failed_call_cannot_transfer
tests/test_transfer.py::test_duplicate_transfer_request_dials_only_once
tests/test_transfer.py::test_already_connected_call_reports_completed_not_a_new_transfer
tests/test_transfer.py::test_a_failed_transfer_may_be_retried
tests/test_transfer.py::test_transfer_unavailable_without_a_destination
tests/test_transfer.py::test_transfer_unavailable_for_an_invalid_destination
tests/test_transfer.py::test_transfer_unavailable_once_the_call_is_over
tests/test_transfer.py::test_transfer_unavailable_while_one_is_in_flight
tests/test_transfer.py::test_connected_callback_records_the_connection
tests/test_transfer.py::test_duplicate_connected_callback_changes_nothing
tests/test_transfer.py::test_failure_callback_after_connection_is_ignored
tests/test_transfer.py::test_no_answer_on_the_human_leg_is_recorded
tests/test_transfer.py::test_transfer_writes_system_transcript_events
tests/test_transfer.py::test_duplicate_provider_events_do_not_duplicate_system_turns
tests/test_transfer.py::test_failed_transfer_writes_a_failure_event_not_a_success
tests/test_transfer.py::test_system_events_use_the_canonical_speaker_enum
tests/test_transfer.py::test_tenant_mismatch_is_refused
tests/test_transfer.py::test_destination_always_comes_from_the_tenant_row
tests/test_transfer_control_hardening.py::test_transfer_request_accepts_only_valid_e164_destinations
tests/test_transfer_control_hardening.py::test_warm_context_rejects_secret_named_fields
tests/test_transfer_control_hardening.py::test_warm_context_rejects_credential_material_in_text_values
tests/test_transfer_control_hardening.py::test_existing_transfer_text_is_redacted_before_response
tests/test_transfer_control_hardening.py::test_whisper_sanitizer_removes_credential_assignments_and_phone_digits
tests/test_transfer_control_hardening.py::test_transfer_twiml_uses_requested_timeout_and_bridge_behavior
tests/test_transfer_control_hardening.py::test_client_authored_transfer_outcomes_and_unverified_bulk_fail_closed
tests/test_transfer_pipeline.py::test_escalation_tool_is_registered_in_the_schema_list
tests/test_transfer_pipeline.py::test_escalation_schema_is_explicit_and_typed
tests/test_transfer_pipeline.py::test_handler_method_exists_for_every_declared_tool
tests/test_transfer_pipeline.py::test_escalation_tool_offered_when_a_destination_exists
tests/test_transfer_pipeline.py::test_escalation_tool_withheld_without_a_destination
tests/test_transfer_pipeline.py::test_escalation_tool_withheld_once_a_transfer_is_in_flight
tests/test_transfer_pipeline.py::test_escalation_tool_withheld_on_a_finished_call
tests/test_transfer_pipeline.py::test_dispatch_reaches_the_provider_and_changes_the_database
tests/test_transfer_pipeline.py::test_failed_transfer_does_not_claim_success_to_the_model
tests/test_transfer_pipeline.py::test_tool_result_leaks_neither_numbers_nor_provider_errors
tests/test_transfer_pipeline.py::test_duplicate_dispatch_does_not_dial_twice
tests/test_transfer_pipeline.py::test_dispatch_survives_a_missing_argument
tests/test_transfer_pipeline.py::test_caller_supplied_reason_cannot_inject_a_number_into_the_whisper
tests/test_transfer_pipeline.py::test_reason_cannot_inject_xml_into_the_twiml
tests/test_transfer_security.py::test_tenant_a_cannot_trigger_a_transfer_on_tenant_b_call
tests/test_transfer_security.py::test_tenant_a_cannot_use_tenant_b_destination
tests/test_transfer_security.py::test_tenant_a_cannot_read_tenant_b_transfer_metadata
tests/test_transfer_security.py::test_owner_can_read_their_own_transfer_metadata
tests/test_transfer_security.py::test_transfer_endpoint_redacts_the_destination_number
tests/test_transfer_security.py::test_transfer_endpoint_requires_authentication
tests/test_transfer_security.py::test_viewer_may_read_transfer_metadata_but_agent_scoping_holds
tests/test_transfer_security.py::test_call_list_exposes_transfer_state_only_for_own_tenant
tests/test_transfer_security.py::test_transfer_logs_carry_correlation_ids_and_no_secrets
tests/test_transfer_security.py::test_selected_environment_hides_calls_and_transfer_metadata_in_other_environment
tests/test_tts.py::test_capability_model_declares_what_the_integration_can_map
tests/test_tts.py::test_normalize_speech_speed_clamps_into_the_provider_range[1.0-1.0]
tests/test_tts.py::test_normalize_speech_speed_clamps_into_the_provider_range[0.7-0.7]
tests/test_tts.py::test_normalize_speech_speed_clamps_into_the_provider_range[1.2-1.2]
tests/test_tts.py::test_normalize_speech_speed_clamps_into_the_provider_range[0.85-0.85]
tests/test_tts.py::test_normalize_speech_speed_clamps_into_the_provider_range[1.15-1.15]
tests/test_tts.py::test_normalize_speech_speed_clamps_into_the_provider_range[0.5-0.7]
tests/test_tts.py::test_normalize_speech_speed_clamps_into_the_provider_range[0.0-0.7]
tests/test_tts.py::test_normalize_speech_speed_clamps_into_the_provider_range[2.0-1.2]
tests/test_tts.py::test_normalize_speech_speed_clamps_into_the_provider_range[9.9-1.2]
tests/test_tts.py::test_normalize_speech_speed_reports_whether_it_adjusted
tests/test_tts.py::test_range_constants_are_consistent
tests/test_tts.py::test_pipecat_input_params_now_has_a_speed_field
tests/test_tts.py::test_pipecat_accepts_stability_and_similarity_independently
tests/test_tts.py::test_the_service_sends_voice_settings_on_the_wire
tests/test_tts.py::test_default_speed_is_omitted_like_before
tests/test_tts.py::test_a_faster_tenant_speed_is_mapped
tests/test_tts.py::test_a_slower_tenant_speed_is_mapped
tests/test_tts.py::test_the_boundary_values_are_passed_through
tests/test_tts.py::test_out_of_range_stored_speed_is_clamped_and_warned
tests/test_tts.py::test_no_speed_warning_for_in_range_values
tests/test_tts.py::test_the_warning_leaks_no_secret
tests/test_tts.py::test_model_and_voice_resolution_reuses_language_options
tests/test_tts.py::test_a_custom_tenant_voice_is_used
tests/test_tts.py::test_the_default_voice_is_used_when_none_is_configured
tests/test_tts.py::test_tenant_specific_speed_from_a_real_tenant_row
tests/test_tts.py::test_backward_compatibility_default_is_unchanged_for_existing_tenants
tests/test_tts.py::test_the_subclass_is_used_by_the_builder
tests/test_value_types.py::test_noncontainers_become_empty[None]
tests/test_value_types.py::test_noncontainers_become_empty[False]
tests/test_value_types.py::test_noncontainers_become_empty[12]
tests/test_value_types.py::test_noncontainers_become_empty[wrong-shape]
tests/test_value_types.py::test_dictionary_is_not_copied_or_coerced
tests/test_value_types.py::test_list_is_not_copied_or_coerced
tests/test_voice_clone.py::test_clone_audio_validation_accepts_pcm_wav
tests/test_voice_clone.py::test_clone_fingerprint_is_tenant_and_input_bound
tests/test_voice_clone.py::test_clone_audio_rejects_untrusted_format
tests/test_voice_runtime.py::test_agent_loop_uses_final_transcript_and_bounded_sink
tests/test_voice_runtime.py::test_agent_loop_rejects_missing_transport_adapter
tests/test_voice_streaming.py::test_tts_retries_before_emitting_audio
tests/test_voice_streaming.py::test_stt_event_contract_preserves_partial_and_final_flags
tests/test_workflow_lead_lifecycle.py::test_update_lead_status_executes_with_history
tests/test_workflow_lead_lifecycle.py::test_apply_dnc_executes_with_history
tests/test_workflow_lead_lifecycle.py::test_status_sequence_keeps_continuous_history
tests/test_workflow_lead_lifecycle.py::test_workflow_cannot_reverse_a_do_not_call
tests/test_workflow_lead_lifecycle.py::test_workflow_cannot_make_an_illegal_transition
tests/test_workflow_lead_lifecycle.py::test_unknown_status_string_fails_the_step
tests/test_workflow_lead_lifecycle.py::test_invalid_and_foreign_lead_ids_fail_closed
tests/test_workflow_lead_lifecycle.py::test_missing_lead_id_fails_closed
tests/test_workflow_lead_lifecycle.py::test_execution_idempotency_is_unchanged
tests/test_workflow_lead_lifecycle.py::test_workflow_service_tenant_isolation_is_unchanged
tests/translation/test_persistence.py::test_translation_job_segments_progress_glossary_immutability_and_retry
tests/translation/test_persistence.py::test_translation_persistence_is_scope_checked
tests/workflow/test_durable_persistence.py::test_workflow_persists_across_sessions
tests/workflow/test_durable_persistence.py::test_versioning_keeps_published_graph_immutable
tests/workflow/test_durable_persistence.py::test_illegal_transition_and_optimistic_stale_write_are_rejected
tests/workflow/test_durable_persistence.py::test_tenant_isolation_applies_to_workflows_versions_and_executions
tests/workflow/test_durable_persistence.py::test_explicit_idempotency_replay_conflict_and_rollback
tests/workflow/test_durable_persistence.py::test_concurrent_duplicate_requests_create_one_execution
tests/workflow/test_durable_persistence.py::test_checkpoint_recovery_resumes_at_persisted_node
tests/workflow/test_durable_persistence.py::test_approval_resume_uses_persisted_checkpoint
tests/workflow/test_durable_persistence.py::test_nonterminal_path_is_not_reported_as_completed
tests/workflow/test_durable_persistence.py::test_cycle_is_persisted_as_timed_out
tests/workflow/test_workflow_execution_recovery.py::test_executor_execute_and_resume
tests/workflow/test_workflow_execution_recovery.py::test_executor_checkpoint_and_recovery_progress
tests/workflow/test_workflow_execution_recovery.py::test_executor_rejects_empty_checkpoint_identifiers
tests/workflow/test_workflow_execution_recovery.py::test_flow_graph_and_node_validation
tests/workflow/test_workflow_persistence.py::test_state_machine
tests/workflow/test_workflow_persistence.py::test_workflow_schemas_strict_validation
tests/workflow/test_workflow_persistence.py::test_workflow_store_protocol_surface
tests/workflow/test_workflow_state_machine.py::test_all_states_defined
tests/workflow/test_workflow_state_machine.py::test_transition_matrix[created-queued-True]
tests/workflow/test_workflow_state_machine.py::test_transition_matrix[created-running-True]
tests/workflow/test_workflow_state_machine.py::test_transition_matrix[created-completed-False]
tests/workflow/test_workflow_state_machine.py::test_transition_matrix[queued-running-True]
tests/workflow/test_workflow_state_machine.py::test_transition_matrix[running-paused-True]
tests/workflow/test_workflow_state_machine.py::test_transition_matrix[running-waiting_approval-True]
tests/workflow/test_workflow_state_machine.py::test_transition_matrix[running-recovering-True]
tests/workflow/test_workflow_state_machine.py::test_transition_matrix[running-completed-True]
tests/workflow/test_workflow_state_machine.py::test_transition_matrix[running-timed_out-True]
tests/workflow/test_workflow_state_machine.py::test_transition_matrix[paused-running-True]
tests/workflow/test_workflow_state_machine.py::test_transition_matrix[paused-completed-False]
tests/workflow/test_workflow_state_machine.py::test_transition_matrix[waiting_approval-completed-True]
tests/workflow/test_workflow_state_machine.py::test_transition_matrix[waiting_approval-running-True]
tests/workflow/test_workflow_state_machine.py::test_transition_matrix[failed-retrying-True]
tests/workflow/test_workflow_state_machine.py::test_transition_matrix[failed-recovering-True]
tests/workflow/test_workflow_state_machine.py::test_transition_matrix[failed-completed-False]
tests/workflow/test_workflow_state_machine.py::test_transition_matrix[completed-running-False]
tests/workflow/test_workflow_state_machine.py::test_transition_matrix[cancelled-running-False]
tests/workflow/test_workflow_state_machine.py::test_transition_matrix[timed_out-running-False]
tests/workflow/test_workflow_state_machine.py::test_transition_matrix[unknown_state-running-False]
tests/workflow/test_workflow_state_machine.py::test_terminal_states_and_recovery_paths

=============================== warnings summary ===============================
.venv/lib/python3.12/site-packages/pydantic/_internal/_config.py:295
.venv/lib/python3.12/site-packages/pydantic/_internal/_config.py:295
.venv/lib/python3.12/site-packages/pydantic/_internal/_config.py:295
.venv/lib/python3.12/site-packages/pydantic/_internal/_config.py:295
.venv/lib/python3.12/site-packages/pydantic/_internal/_config.py:295
.venv/lib/python3.12/site-packages/pydantic/_internal/_config.py:295
  /home/user/voxdesk-call-ainul-islam/voxdesk-call/.venv/lib/python3.12/site-packages/pydantic/_internal/_config.py:295: PydanticDeprecatedSince20: Support for class-based `config` is deprecated, use ConfigDict instead. Deprecated in Pydantic V2.0 to be removed in V3.0. See Pydantic V2 Migration Guide at https://errors.pydantic.dev/2.10/migration/
    warnings.warn(DEPRECATION_MESSAGE, DeprecationWarning)

app/db/retell_models.py:608
  /home/user/voxdesk-call-ainul-islam/voxdesk-call/app/db/retell_models.py:608: PytestCollectionWarning: cannot collect test class 'TestCase' because it has a __init__ constructor (from: tests/integration/test_conductor_workflow.py)
    class TestCase(Base):

app/db/retell_models.py:663
  /home/user/voxdesk-call-ainul-islam/voxdesk-call/app/db/retell_models.py:663: PytestCollectionWarning: cannot collect test class 'TestRun' because it has a __init__ constructor (from: tests/integration/test_conductor_workflow.py)
    class TestRun(Base):

.venv/lib/python3.12/site-packages/pipecat/audio/utils.py:14
  /home/user/voxdesk-call-ainul-islam/voxdesk-call/.venv/lib/python3.12/site-packages/pipecat/audio/utils.py:14: DeprecationWarning: 'audioop' is deprecated and slated for removal in Python 3.13
    import audioop

-- Docs: https://docs.pytest.org/en/stable/how-to/capture-warnings.html
4193 tests collected in 60.26s (0:01:00)
